ID,link_id,rfc,longitd,latitud,snowy,dailyGg,bsnTypN,basnTyp
05059600,14251875,NCRFC,-97.7988357543945,47.3605651855469,1,1,regular,3
05120500,14172539,NCRFC,-100.526756286621,48.1697425842285,1,1,regular,3
05061500,6689073,NCRFC,-96.6289596557617,46.7878303527832,1,0,snowy,0
05087500,7069743,NCRFC,-96.8267593383789,48.3424339294434,1,0,regular,3
05057200,14269214,NCRFC,-98.1292419433594,47.2320327758789,1,0,snowy,0
05056200,14299851,NCRFC,-98.6481094360352,48.3455276489258,1,1,regular,3
05056100,14293805,NCRFC,-99.1040267944336,48.454231262207,1,1,regular,3
05061000,6689413,NCRFC,-96.3176498413086,46.8588638305664,1,0,snowy,0
05123400,14156742,NCRFC,-100.442092895508,48.6118659973145,1,0,regular,3
05062500,7027381,NCRFC,-96.2406234741211,47.2590141296387,1,0,snowy,0
05132000,22237092,NCRFC,-93.8039169311523,48.1965637207031,1,0,snowy,0
05129115,7140308,NCRFC,-92.5656967163086,48.2645111083984,1,0,snowy,0
05056000,14267516,NCRFC,-98.7122650146484,47.8028678894043,1,0,regular,3
05131500,7171122,NCRFC,-93.5435943603516,48.3969955444336,1,0,snowy,0
05078500,7053799,NCRFC,-96.2773590087891,47.886173248291,1,0,regular,3
05057000,14269180,NCRFC,-98.0225067138672,47.4356422424316,1,0,regular,3
05127500,7098203,NCRFC,-91.6624221801758,48.0785179138184,1,0,snowy,0
10172870,10683178,CBRFC,-113.897727966309,39.7491912841797,1,0,snowy,0
10336645,8941733,CNRFC,-120.144241333008,39.0439414978027,1,0,snowy,0
10310500,8920579,CNRFC,-119.79866027832,39.1138763427734,1,0,snowy,0
10166430,10327201,CBRFC,-112.101356506348,40.4062004089355,1,0,snowy,0
10243260,10407562,CBRFC,-114.204071044922,39.0097122192383,1,0,snowy,0
10336660,8941693,CNRFC,-120.173301696777,39.108757019043,1,0,snowy,0
10316500,10786444,CNRFC,-115.462371826172,40.6723861694336,1,0,snowy,0
10308794,8922665,CNRFC,-119.642990112305,38.7399978637695,1,0,snowy,0
10249300,10696957,CNRFC,-117.253494262695,38.8741035461426,1,0,regular,3
10347310,8931976,CNRFC,-119.995994567871,39.5246124267578,1,0,snowy,0
10023000,7880800,CBRFC,-111.238357543945,41.6183280944824,1,0,snowy,0
10172700,10396937,CBRFC,-112.381805419922,39.9829788208008,1,0,regular,3
10205030,3506561,CBRFC,-111.536170959473,38.8924827575684,1,0,snowy,0
103366092,8943677,CNRFC,-120.029754638672,38.853816986084,1,0,snowy,0
10172860,10406554,CBRFC,-114.025726318359,39.4599952697754,1,0,regular,3
10173450,10818086,CBRFC,-112.527191162109,37.6151428222656,1,0,snowy,0
10243700,11338977,CNRFC,-114.532386779785,39.2163162231445,1,0,snowy,0
MTK,8933858,CNRFC,-120.117485046387,39.3363990783691,1,0,regular,3
10242000,14597053,CBRFC,-113.040641784668,37.6710205078125,1,0,snowy,0
10234500,1215135,CBRFC,-112.567100524902,38.2803955078125,1,0,snowy,0
10146400,10331001,CBRFC,-111.867370605469,39.8038444519043,1,0,snowy,0
10011500,7887898,CBRFC,-110.858825683594,40.9721221923828,1,0,snowy,0
10310000,8924041,CNRFC,-119.836288452148,38.7691040039062,1,0,snowy,0
10149400,10349220,CBRFC,-111.37767791748,40.0765266418457,1,0,snowy,0
10128500,10093110,CBRFC,-111.245170593262,40.7371025085449,1,0,snowy,0
10352500,11849049,CNRFC,-117.831657409668,41.9667091369629,1,0,snowy,0
10329500,11137442,CNRFC,-117.416679382324,41.5354614257812,1,0,snowy,0
10109000,664424,CBRFC,-111.769905090332,41.7415809631348,1,0,snowy,0
10308200,8922715,CNRFC,-119.767387390137,38.7118606567383,1,0,snowy,0
10321590,10783380,CNRFC,-116.077163696289,40.7388000488281,1,0,snowy,0
10321940,10782344,CNRFC,-116.220481872559,40.8173599243164,1,0,snowy,0
09329050,4900159,CBRFC,-111.646423339844,38.6234436035156,1,0,snowy,0
09066000,1320274,CBRFC,-106.262596130371,39.5954246520996,1,0,regular,3
09051050,1313259,CBRFC,-106.052368164062,39.6338424682617,1,0,snowy,0
09306242,3240437,CBRFC,-108.453666687012,39.9274520874023,1,0,snowy,0
09310700,3906485,CBRFC,-111.16242980957,39.7298049926758,1,0,snowy,0
09065500,1320264,CBRFC,-106.261352539062,39.6293449401855,1,0,snowy,0
09238900,1358214,CBRFC,-106.779426574707,40.4774475097656,1,0,snowy,0
09183600,3380913,CBRFC,-109.412528991699,38.4882431030273,1,0,snowy,0
09146020,9769472,CBRFC,-107.68628692627,38.0480918884277,1,0,snowy,0
09035900,1238533,CBRFC,-106.03059387207,39.7954330444336,1,0,regular,3
09312600,3906361,CBRFC,-111.035308837891,39.8725433349609,1,0,snowy,0
09352900,17034197,CBRFC,-107.540000915527,37.4817085266113,1,0,snowy,0
09059500,1238051,CBRFC,-106.589447021484,39.8006782531738,1,0,regular,3
09050100,1312885,CBRFC,-106.101516723633,39.5771179199219,1,0,snowy,0
09107000,1333022,CBRFC,-106.564636230469,38.8646583557129,1,0,snowy,0
09115500,9773517,CBRFC,-106.421478271484,38.3985328674316,1,0,snowy,0
09064600,1319752,CBRFC,-106.402351379395,39.5532073974609,1,0,snowy,0
09217900,3199586,CBRFC,-110.580261230469,40.9681854248047,1,0,snowy,0
09081600,1326465,CBRFC,-107.230575561523,39.2361106872559,1,0,snowy,0
09266500,1393763,CBRFC,-109.621238708496,40.5762557983398,1,0,snowy,0
09253000,18279713,CBRFC,-107.143577575684,40.9990577697754,1,0,snowy,0
09223000,3192546,CBRFC,-110.712989807129,42.1101989746094,1,0,regular,3
09292000,944060076,CBRFC,-110.326751708984,40.5543251037598,1,0,snowy,0
09112500,1333418,CBRFC,-106.852577209473,38.6702270507812,1,0,snowy,0
09124500,3253975,CBRFC,-107.237953186035,38.2835311889648,1,0,snowy,0
09196500,18325008,CBRFC,-109.769004821777,43.0285491943359,1,0,snowy,0
09210500,18354249,CBRFC,-110.434272766113,42.095401763916,1,0,snowy,0
09258980,18272390,CBRFC,-107.633941650391,41.0603294372559,1,0,snowy,0
09359500,17014207,CBRFC,-107.778984069824,37.572696685791,1,0,snowy,0
09188500,18345961,CBRFC,-110.127830505371,43.0102500915527,1,0,snowy,0
09470750,15934841,CBRFC,-110.261772155762,31.4759922027588,0,0,regular,3
09408000,10023748,CBRFC,-113.383033752441,37.2723274230957,1,0,regular,3
09484580,15895584,CBRFC,-110.687782287598,31.8625450134277,0,0,flashy,2
09470800,15934417,CBRFC,-110.325180053711,31.4869785308838,0,0,flashy,2
09508300,20437386,CBRFC,-111.658912658691,34.1770668029785,0,1,regular,3
09484000,15893872,CBRFC,-110.811347961426,32.3147087097168,1,0,regular,3
09485000,15895252,CBRFC,-110.637275695801,32.1304664611816,0,0,flashy,2
094985005,22444106,CBRFC,-110.992164611816,33.3995895385742,0,0,regular,3
09430600,2430436,CBRFC,-108.65064239502,33.1685905456543,1,0,regular,3
09537200,20371805,CBRFC,-109.508613586426,31.5908851623535,0,0,regular,3
09492400,20488086,CBRFC,-109.814888000488,33.8207626342773,1,0,regular,3
09404450,10025746,CBRFC,-112.602317810059,37.3341598510742,1,0,snowy,0
09386900,20572245,CBRFC,-108.547584533691,35.2846755981445,1,1,regular,3
09505200,20454544,CBRFC,-111.673233032227,34.6753730773926,1,0,snowy,0
09505350,20454522,CBRFC,-111.77872467041,34.7214584350586,1,0,snowy,0
09498502,22443884,CBRFC,-110.995933532715,33.485164642334,0,0,flashy,2
09484550,15895582,CBRFC,-110.571563720703,31.8648586273193,0,0,flashy,2
09512280,20476698,CBRFC,-111.957328796387,33.8847198486328,0,0,regular,3
09413900,4909714,CBRFC,-114.044006347656,37.468074798584,1,0,snowy,0
09399400,21746325,CBRFC,-110.784706115723,34.9229927062988,1,0,flashy,2
09504420,20453378,CBRFC,-111.761764526367,34.863899230957,1,0,snowy,0
09405500,10026504,CBRFC,-112.977813720703,37.2112236022949,1,0,snowy,0
09404222,20682381,CBRFC,-113.657852172852,35.8010940551758,0,0,flashy,2
09404208,20721204,CBRFC,-113.369369506836,35.7631950378418,0,0,flashy,2
09513780,20415812,CBRFC,-112.112365722656,33.9688301086426,0,0,regular,3
09505800,20435246,CBRFC,-111.693115234375,34.5384178161621,1,0,snowy,0
09497980,22440682,CBRFC,-110.858848571777,33.8302803039551,0,0,regular,3
09510200,20440676,CBRFC,-111.546562194824,33.6935501098633,0,0,regular,3
09404343,20667088,CBRFC,-113.651206970215,35.3928642272949,0,0,flashy,2
09424447,21396935,CBRFC,-113.443397521973,34.5435371398926,0,0,regular,3
09497800,22440644,CBRFC,-110.557312011719,33.8420448303223,0,0,flashy,2
09484600,15894416,CBRFC,-110.673065185547,32.0326957702637,0,0,flashy,2
09507980,20437048,CBRFC,-111.638793945312,34.2766380310059,0,1,regular,3
09401110,20513024,CBRFC,-110.928657531738,35.782543182373,0,0,regular,3
09499000,22431630,CBRFC,-111.303245544434,33.9802284240723,0,0,regular,3
09489500,20498017,CBRFC,-109.762229919434,33.4811592102051,1,0,flashy,2
09487000,15876941,CBRFC,-111.324012756348,32.0898895263672,0,0,flashy,2
09444200,21355827,CBRFC,-109.196418762207,33.2869148254395,0,0,regular,3
09404110,20691648,CBRFC,-112.69213104248,36.2253341674805,0,0,regular,3
09447800,21327929,CBRFC,-109.530754089355,32.9548492431641,0,0,flashy,2
09430500,2430698,CBRFC,-108.533233642578,33.0656929016113,0,0,regular,3
08302500,17866900,WGRFC,-105.90852355957,35.7401924133301,1,0,regular,3
08315480,17835114,WGRFC,-105.802017211914,35.7166290283203,1,0,regular,3
08271000,17863078,WGRFC,-105.530220031738,36.5083389282227,1,0,snowy,0
08386505,20772466,WGRFC,-105.716041564941,33.3368263244629,1,0,regular,3
08377900,20815146,WGRFC,-105.648338317871,35.7825508117676,1,0,regular,3
08267500,17863440,WGRFC,-105.540077209473,36.5519828796387,1,0,snowy,0
08380500,20815196,WGRFC,-105.322128295898,35.6503067016602,1,0,regular,3
08269000,17864360,WGRFC,-105.504386901855,36.4397468566895,1,0,snowy,0
08277470,17864778,WGRFC,-105.606842041016,36.1701774597168,1,0,regular,3
08408500,20758520,WGRFC,-104.053817749023,32.0296745300293,0,0,regular,3
08447020,3158167,WGRFC,-101.738349914551,30.4535980224609,0,0,regular,3
08401200,22455359,WGRFC,-104.42138671875,32.5886421203613,0,0,regular,3
08340500,17789879,WGRFC,-107.202323913574,35.5970687866211,0,0,flashy,2
08324000,17826714,WGRFC,-106.742889404297,35.662052154541,1,0,regular,3
08405105,22458323,WGRFC,-104.331809997559,32.2990875244141,0,0,flashy,2
08400000,22455973,WGRFC,-104.428718566895,32.6751899719238,0,0,regular,3
08068325,1508279,WGRFC,-95.5521697998047,30.1003932952881,0,0,regular,3
08068780,1508121,WGRFC,-95.7027816772461,30.0160388946533,0,0,regular,3
08189200,3159657,WGRFC,-97.1056213378906,28.3492736816406,0,0,regular,3
08057200,1260353,WGRFC,-96.7515640258789,32.8813972473145,0,0,flashy,2
08131400,5702253,WGRFC,-100.446647644043,31.3099517822266,0,0,flashy,2
08158810,5781401,WGRFC,-97.9374542236328,30.156120300293,0,0,regular,3
08158860,5781407,WGRFC,-97.8272476196289,30.1581382751465,0,0,regular,3
08050840,1275872,WGRFC,-96.8084564208984,33.525691986084,0,0,regular,3
08210400,3168874,WGRFC,-98.1218032836914,28.0518054962158,0,0,regular,3
08049700,1268648,WGRFC,-97.0817642211914,32.5890922546387,0,0,regular,3
08050800,1275870,WGRFC,-96.9446029663086,33.5506782531738,0,0,regular,3
08017300,5254557,WGRFC,-96.239875793457,32.8945465087891,0,0,regular,3
08082700,5542148,WGRFC,-99.4682540893555,33.3266220092773,0,0,regular,3
08023080,9533087,WGRFC,-93.9407424926758,31.9633045196533,0,0,regular,3
08133250,5711103,WGRFC,-101.125419616699,31.9036979675293,0,0,regular,3
08154700,5781189,WGRFC,-97.7859268188477,30.3666839599609,0,0,regular,3
08177300,1639209,WGRFC,-97.3173065185547,28.7536869049072,0,0,regular,3
08095300,5523936,WGRFC,-97.3478469848633,31.5074024200439,0,0,snowy,0
08029500,8330722,WGRFC,-93.785888671875,30.7767944335938,0,0,regular,3
08031000,8331928,WGRFC,-93.9085311889648,30.1865825653076,0,0,regular,3
08023400,9533201,WGRFC,-93.6591949462891,31.8711814880371,0,0,regular,3
08201500,10653905,WGRFC,-99.4048233032227,29.5787868499756,0,0,regular,3
08103900,5587890,WGRFC,-98.0436706542969,30.9096984863281,0,0,flashy,2
08200977,10653947,WGRFC,-99.0885162353516,29.5562591552734,0,0,regular,3
08200000,10654651,WGRFC,-99.2493209838867,29.5708618164062,0,0,flashy,2
08066300,1494036,WGRFC,-94.7601547241211,30.4724445343018,0,0,regular,3
08104900,5671579,WGRFC,-97.7575302124023,30.6232814788818,0,0,regular,3
08158700,5780099,WGRFC,-98.0109634399414,30.0809288024902,0,0,snowy,0
08155200,5781265,WGRFC,-97.9083099365234,30.3060207366943,0,0,regular,3
08066200,1487570,WGRFC,-94.9550552368164,30.7072429656982,0,0,regular,3
08181480,10836388,WGRFC,-98.5819625854492,29.3561191558838,0,0,flashy,2
08070500,1520249,WGRFC,-95.2894897460938,30.2392730712891,0,0,regular,3
08166000,3585554,WGRFC,-99.2819900512695,30.1003303527832,0,0,regular,3
08164600,9349285,WGRFC,-96.8200759887695,28.891975402832,0,0,regular,3
08212400,1585173,WGRFC,-98.1272583007812,27.2603778839111,0,0,regular,3
08164300,7846049,WGRFC,-96.8105545043945,29.4580669403076,0,0,regular,3
08198000,10645747,WGRFC,-99.4958801269531,29.493185043335,0,0,regular,3
08075000,1440385,WGRFC,-95.3708190917969,29.7128658294678,0,0,regular,3
0810464660,5670825,WGRFC,-97.8462829589844,30.6980152130127,0,0,regular,3
08041700,1143252,WGRFC,-94.3326187133789,30.1118202209473,0,0,regular,3
08150800,5770545,WGRFC,-99.0958557128906,30.6447734832764,0,0,regular,3
08065200,1453353,WGRFC,-95.8817825317383,31.5557994842529,0,0,regular,3
08099300,2567906,WGRFC,-98.6052703857422,32.1115074157715,0,0,regular,3
08152900,5785479,WGRFC,-98.8647232055664,30.2189636230469,0,0,regular,3
08202700,10655687,WGRFC,-99.2914352416992,29.3677520751953,0,0,regular,3
08175000,1623207,WGRFC,-97.4492034912109,29.2149314880371,0,0,regular,3
08047500,1268904,WGRFC,-97.3762664794922,32.7205543518066,0,0,regular,3
08130700,5702879,WGRFC,-100.600158691406,31.3319396972656,0,0,regular,3
08041500,1166409,WGRFC,-94.2618179321289,30.3889560699463,0,0,regular,3
08101000,2580511,WGRFC,-97.8808822631836,31.2851314544678,0,0,flashy,2
08086212,5525607,WGRFC,-99.124137878418,32.7370491027832,0,0,regular,3
08186500,3838999,WGRFC,-97.764533996582,28.9168186187744,0,0,regular,3
08025500,8329634,WGRFC,-93.5126419067383,31.3119621276855,0,0,regular,3
08196000,10644541,WGRFC,-99.7816696166992,29.5041217803955,0,0,regular,3
08194200,10634531,WGRFC,-98.9618148803711,27.9721374511719,0,0,regular,3
08195000,10645755,WGRFC,-99.7096633911133,29.4896717071533,0,0,regular,3
08189300,5289427,WGRFC,-97.6339569091797,28.438985824585,0,0,regular,3
08128400,5707852,WGRFC,-100.729469299316,31.4155654907227,0,0,flashy,2
08070000,1520007,WGRFC,-95.1054000854492,30.3482666015625,0,0,regular,3
08165300,3585678,WGRFC,-99.3870391845703,30.0646438598633,0,0,regular,3
08176900,1638559,WGRFC,-97.2290420532227,28.8636436462402,0,0,regular,3
08190500,7876116,WGRFC,-100.241508483887,29.4849967956543,0,0,regular,3
08178880,10833740,WGRFC,-99.0615997314453,29.7296180725098,0,0,snowy,0
08109700,5570395,WGRFC,-96.8901901245117,30.3386554718018,0,0,regular,3
08165500,3586192,WGRFC,-99.3255996704102,30.0712184906006,0,0,regular,3
08064100,1446644,WGRFC,-96.5564651489258,32.210620880127,0,0,regular,3
08144500,5747704,WGRFC,-99.7843246459961,30.9190158843994,0,0,regular,3
08164000,7842827,WGRFC,-96.6905136108398,28.9636764526367,0,0,regular,3
08171290,1629555,WGRFC,-97.9479827880859,30.0070896148682,0,1,regular,3
08053500,1285627,WGRFC,-97.2958908081055,33.1216583251953,0,0,regular,3
08190000,7872253,WGRFC,-99.9932403564453,29.4205093383789,0,0,regular,3
08079600,13698835,WGRFC,-101.199157714844,33.0382766723633,0,0,regular,3
06311000,5348813,MBRFC,-107.08056640625,44.0273246765137,1,0,snowy,0
06036805,3061736,MBRFC,-110.84056854248,44.4681701660156,1,1,snowy,0
06437020,5458116,MBRFC,-103.61402130127,44.3428649902344,1,0,snowy,0
06187915,2962790,MBRFC,-110.024749755859,45.0037994384766,1,0,snowy,0
06429500,5481043,MBRFC,-104.085136413574,44.1499366760254,1,1,regular,3
06392900,9385393,MBRFC,-104.046592712402,44.073673248291,1,0,regular,3
06424000,14552381,MBRFC,-103.586494445801,44.295768737793,1,0,snowy,0
06404000,14396112,MBRFC,-103.338157653809,43.8752975463867,1,0,regular,3
06402430,14396988,MBRFC,-103.473197937012,43.5815505981445,1,0,snowy,0
06309200,5351095,MBRFC,-107.133529663086,43.5805854797363,1,0,snowy,0
06430850,5481901,MBRFC,-103.938896179199,44.3523445129395,1,1,snowy,0
06430770,5481961,MBRFC,-103.869003295898,44.3007774353027,1,1,snowy,0
06409000,17533503,MBRFC,-103.826095581055,44.0125122070312,1,0,regular,3
06422500,14553227,MBRFC,-103.447006225586,44.1411209106445,1,0,snowy,0
06037100,3060622,MBRFC,-110.822937011719,44.651252746582,1,0,snowy,0
05014300,9305916,MBRFC,-113.673629760742,48.7955513000488,1,0,snowy,0
06036905,3061602,MBRFC,-110.846061706543,44.6068153381348,1,0,snowy,0
06102500,12744853,MBRFC,-112.591583251953,47.884204864502,1,0,snowy,0
06332515,21539242,MBRFC,-102.775177001953,47.7844200134277,1,1,regular,3
06289000,12771343,MBRFC,-107.614860534668,45.0082664489746,1,0,snowy,0
06278300,12804142,MBRFC,-107.396347045898,44.5041770935059,1,0,snowy,0
06342450,14523345,MBRFC,-100.815444946289,46.9154243469238,1,1,regular,3
06479215,9370700,MBRFC,-97.1860885620117,45.1857223510742,1,0,snowy,0
06344600,16233369,MBRFC,-103.038764953613,47.0251426696777,0,0,regular,3
06209500,4264796,MBRFC,-109.331886291504,45.0856132507324,1,0,snowy,0
06218500,12898110,MBRFC,-109.752388000488,43.578197479248,1,0,snowy,0
06221400,12899984,MBRFC,-109.412086486816,43.3444633483887,1,0,snowy,0
06151500,12472144,MBRFC,-109.247459411621,48.6802177429199,1,0,snowy,0
06061500,3024246,MBRFC,-111.946571350098,46.5203628540039,1,0,snowy,0
06471200,11446137,MBRFC,-98.4540328979492,45.9359245300293,1,0,snowy,0
06093200,12538720,MBRFC,-112.81258392334,48.366138458252,1,0,snowy,0
06477500,12664828,MBRFC,-98.2611465454102,43.7739791870117,1,0,regular,3
06431500,5481765,MBRFC,-103.863121032715,44.4859390258789,1,1,snowy,0
06037500,3059764,MBRFC,-111.070320129395,44.6606178283691,1,0,snowy,0
06479438,9370962,MBRFC,-97.1678009033203,45.0123252868652,1,0,snowy,0
06470800,11468868,MBRFC,-98.0768356323242,46.2362480163574,1,0,snowy,0
06339100,16247217,MBRFC,-102.778457641602,47.2337760925293,1,0,regular,3
06224000,12900462,MBRFC,-109.206024169922,43.1753234863281,1,0,snowy,0
06091700,12538518,MBRFC,-112.949699401855,48.4241905212402,1,0,snowy,0
06347000,16224323,MBRFC,-101.644104003906,46.5489654541016,1,0,regular,3
06119600,12619198,MBRFC,-110.253318786621,46.4775009155273,1,0,snowy,0
06478690,16014114,MBRFC,-97.211799621582,43.424186706543,1,0,snowy,0
06440200,16131765,MBRFC,-101.771202087402,43.9650955200195,0,0,regular,3
06447500,20179529,MBRFC,-101.633514404297,43.1704711914062,0,0,regular,3
06352000,21860180,MBRFC,-102.468154907227,46.1547431945801,0,0,regular,3
06347500,16224859,MBRFC,-101.461486816406,46.6909294128418,1,1,regular,3
06447230,16072528,MBRFC,-101.2236328125,43.7559318542481,0,0,regular,3
06336600,13466672,MBRFC,-103.985664367676,47.1690063476563,1,0,regular,3
06453600,11673186,MBRFC,-98.1762542724609,42.8108749389648,1,0,regular,3
06350000,16213178,MBRFC,-102.554130554199,46.4274559020996,0,0,regular,3
06468170,12570210,MBRFC,-98.8585662841797,47.5572471618652,1,0,regular,3
06024450,4223684,MBRFC,-113.457626342773,45.6172790527344,1,0,snowy,0
06466500,11761348,MBRFC,-97.9398193359375,42.7610092163086,1,0,regular,3
06108000,12745871,MBRFC,-111.561149597168,47.9320220947266,1,0,snowy,0
06220800,12900872,MBRFC,-109.452796936035,43.4408683776855,1,0,regular,3
06120500,12619810,MBRFC,-109.828010559082,46.4277153015137,1,0,snowy,0
06280300,12788124,MBRFC,-109.554946899414,44.2076568603516,1,0,snowy,0
06195600,4064058,MBRFC,-110.481506347656,45.7398986816406,1,0,snowy,0
06139500,12319297,MBRFC,-109.818336486816,48.5498847961426,1,0,snowy,0
06482610,7223370,MBRFC,-96.5670776367188,43.6215972900391,1,0,snowy,0
06331000,14586327,MBRFC,-103.567993164062,48.2745513916016,1,0,regular,3
06043500,3855315,MBRFC,-111.270706176758,45.4984588623047,1,0,snowy,0
06464500,11654348,MBRFC,-99.7758407592773,43.0230369567871,0,0,regular,3
06024540,4224658,MBRFC,-113.303215026855,45.8126449584961,1,0,snowy,0
06186500,2965742,MBRFC,-110.374603271484,44.5859489440918,1,0,snowy,0
06400000,5438910,MBRFC,-103.587089538574,43.2380561828613,0,0,regular,3
06073500,12439987,MBRFC,-112.094825744629,47.1985893249512,1,0,snowy,0
06099500,12644287,MBRFC,-111.908103942871,48.4260330200195,1,0,snowy,0
06334500,9792506,MBRFC,-103.967468261719,45.5431594848633,0,0,regular,3
06351200,16214760,MBRFC,-101.33275604248,46.12646484375,0,0,regular,3
06353000,21861216,MBRFC,-101.328338623047,46.0911827087402,1,0,regular,3
06446500,16074906,MBRFC,-101.938919067383,43.700439453125,0,0,regular,3
06441500,16128803,MBRFC,-100.386611938477,44.3316764831543,0,0,regular,3
06025250,4226632,MBRFC,-112.736541748047,45.7005233764648,1,0,snowy,0
06025500,4228286,MBRFC,-112.701316833496,45.5259323120117,1,0,snowy,0
06360500,11258604,MBRFC,-100.858894348145,45.2606658935547,0,0,regular,3
06710150,189869,MBRFC,-104.939430236816,39.5723991394043,0,0,flashy,2
06821080,2529443,MBRFC,-94.4105529785156,39.5608711242676,1,0,regular,3
06906150,4461060,MBRFC,-92.4914016723633,39.8947372436523,1,0,regular,3
06622700,15983485,MBRFC,-106.52172088623,41.3693199157715,1,0,snowy,0
06803510,17405547,MBRFC,-96.6760711669922,40.8872528076172,1,0,regular,3
06823500,11714581,MBRFC,-101.868759155273,40.0422592163086,0,0,regular,3
06623800,15984809,MBRFC,-106.823181152344,41.021800994873,1,0,snowy,0
06710385,188199,MBRFC,-105.33829498291,39.632698059082,1,0,snowy,0
06632400,15968457,MBRFC,-106.225105285645,41.5837173461914,1,0,snowy,0
06803000,17405877,MBRFC,-96.6683197021484,40.6612777709961,1,0,regular,3
06708800,191765,MBRFC,-104.907508850098,39.4240341186523,1,0,regular,3
06910230,5162189,MBRFC,-92.3422775268555,38.9287719726562,1,0,regular,3
06601000,17244016,MBRFC,-96.4879913330078,42.3205108642578,1,0,regular,3
06885500,2277053,MBRFC,-96.4433670043945,39.6785202026367,1,0,regular,3
06814000,19158238,MBRFC,-96.0986633300781,39.9451484680176,1,0,regular,3
06909500,5156625,MBRFC,-92.5643310546875,39.1190643310547,0,0,regular,3
06806500,7312223,MBRFC,-95.9097671508789,40.7947883605957,1,0,regular,3
06709000,191739,MBRFC,-104.983139038086,39.4486236572266,0,0,regular,3
402114105350101,13584,MBRFC,-105.578582763672,40.3504638671875,1,0,snowy,0
06819185,3722745,MBRFC,-94.7236557006836,40.6561889648438,1,0,regular,3
06895000,4386317,MBRFC,-93.9791259765625,39.3327255249023,1,0,regular,3
06911900,10117754,MBRFC,-95.8353958129883,38.710334777832,0,0,regular,3
06803530,17399459,MBRFC,-96.5457382202148,41.0185012817383,1,0,regular,3
06921200,7388709,MBRFC,-93.273063659668,37.7528839111328,0,0,regular,3
06886500,2278259,MBRFC,-96.8315048217773,39.4721183776855,0,0,regular,3
06893500,4392705,MBRFC,-94.5592956542969,38.9573249816895,0,0,regular,3
06869950,18869658,MBRFC,-97.6531448364258,38.854175567627,0,0,regular,3
06811500,19161749,MBRFC,-95.814338684082,40.3937683105469,1,0,regular,3
06888000,3642310,MBRFC,-96.2151336669922,39.3444976806641,0,0,regular,3
06625000,15983787,MBRFC,-106.715194702148,41.305721282959,1,0,snowy,0
06917500,7366795,MBRFC,-94.6720809936523,37.8592414855957,0,0,regular,3
06903400,5124308,MBRFC,-93.2554473876953,40.9524917602539,1,0,regular,3
06910800,10116766,MBRFC,-95.9677429199219,38.5601577758789,0,0,regular,3
06888500,3643688,MBRFC,-96.1612319946289,39.0637664794922,0,0,regular,3
06899700,5108288,MBRFC,-93.7652053833008,39.6720161437988,1,0,regular,3
06911490,10116456,MBRFC,-95.687126159668,38.6018714904785,0,0,regular,3
06921590,2335349,MBRFC,-94.3299942016602,38.4759979248047,0,0,regular,3
06918460,7374577,MBRFC,-93.8024749755859,37.4018669128418,0,0,regular,3
06853800,19017621,MBRFC,-98.2505798339844,39.8991241455078,0,0,regular,3
06914000,10125524,MBRFC,-95.2515182495117,38.3349876403809,0,0,regular,3
06909950,5162299,MBRFC,-92.6964492797852,38.9180450439453,0,0,regular,3
06919500,7371515,MBRFC,-93.8748931884766,37.8309516906738,1,0,regular,3
06775500,17394882,MBRFC,-100.102615356445,41.8306503295898,0,1,snowy,0
06903700,5123830,MBRFC,-93.1883773803711,40.7997856140137,1,0,regular,3
06890100,745717,MBRFC,-95.5323638916016,39.5222473144531,1,0,regular,3
06917000,7360005,MBRFC,-94.7150039672852,38.0174407958984,0,0,regular,3
06800000,17262269,MBRFC,-96.6516723632812,41.5708122253418,1,0,regular,3
06921720,2328561,MBRFC,-93.9657745361328,38.5579986572266,0,0,regular,3
06813000,3702270,MBRFC,-95.4056625366211,40.3371543884277,1,0,regular,3
06876700,3539121,MBRFC,-97.8330154418945,39.1399536132812,0,0,regular,3
06932000,7446307,MBRFC,-91.9007110595703,37.9098930358887,0,0,regular,3
06927000,5984765,MBRFC,-91.9996490478516,38.4516258239746,0,0,regular,3
06884200,4024117,MBRFC,-97.0412979125977,39.8122825622559,1,0,regular,3
06921070,7388043,MBRFC,-93.3811645507812,37.6726875305176,0,0,regular,3
06907700,7501510,MBRFC,-93.6208648681641,38.8719711303711,0,0,regular,3
06928300,7411738,MBRFC,-92.2323379516602,37.5968208312988,1,0,regular,3
06878000,18880718,MBRFC,-97.0399398803711,39.0317878723145,0,0,regular,3
06799100,17274026,MBRFC,-97.4692611694336,42.14404296875,1,0,regular,3
06921600,2335475,MBRFC,-94.0042419433594,38.4523429870605,0,0,regular,3
06889200,3645652,MBRFC,-95.8739624023438,39.2026710510254,0,0,regular,3
06815000,19153077,MBRFC,-95.5989532470703,40.037914276123,1,0,regular,3
06807410,19209621,MBRFC,-95.3716888427734,41.3893508911133,1,0,regular,3
06906800,5995392,MBRFC,-92.9689025878906,38.6997222900391,0,0,regular,3
06608500,17246982,MBRFC,-95.9314422607422,41.8304405212402,1,0,regular,3
06809210,19166273,MBRFC,-95.0765533447266,41.3434753417969,1,0,regular,3
06863420,7317820,MBRFC,-99.6587371826172,38.9229850769043,0,0,regular,3
06607200,17227027,MBRFC,-95.8101348876953,42.1563491821289,1,0,regular,3
06910750,5166543,MBRFC,-92.1784591674805,38.5264129638672,0,0,regular,3
06605850,14623352,MBRFC,-95.2495422363281,42.8947067260742,1,0,regular,3
06898000,5138325,MBRFC,-93.8030242919922,40.6400413513184,1,0,regular,3
06930000,7434497,MBRFC,-92.0506973266602,37.6647491455078,1,0,regular,3
06609500,17208706,MBRFC,-95.7933120727539,41.6361351013184,1,0,regular,3
06817000,19129083,MBRFC,-95.0148086547852,40.7246932983398,1,0,regular,3
06620000,15986337,MBRFC,-106.342567443848,40.9406585693359,1,0,snowy,0
06866900,7328002,MBRFC,-99.8782501220703,39.1000289916992,0,0,regular,3
06784000,17356815,MBRFC,-98.7416305541992,41.0314407348633,0,0,snowy,0
06923940,7398351,MBRFC,-92.8871536254883,37.8664741516113,0,0,regular,3
06847900,8364344,MBRFC,-100.094505310059,39.7667922973633,0,0,regular,3
06821500,11721499,MBRFC,-101.958068847656,40.0248756408691,0,1,regular,3
06846500,8164854,MBRFC,-100.558097839355,39.983715057373,0,0,flashy,2
06928000,7423890,MBRFC,-92.449577331543,37.7574882507324,1,0,regular,3
06868850,18865300,MBRFC,-98.1536712646484,39.0255432128906,0,0,regular,3
06795500,17421926,MBRFC,-97.2776184082031,41.5273590087891,1,0,regular,3
06883000,18767596,MBRFC,-98.0681838989258,40.3331108093262,0,0,regular,3
07001985,3624073,NCRFC,-90.1901397705078,38.7682838439941,0,1,flashy,2
07021000,5029785,LMRFC,-90.0770568847656,37.1468734741211,0,0,regular,3
05551675,14762875,NCRFC,-88.412582397461,41.6980361938477,1,0,regular,3
05426067,13291814,NCRFC,-88.3490371704102,43.0932731628418,1,0,regular,3
05454000,11915429,NCRFC,-91.4912796020508,41.6994667053223,1,0,regular,3
05551200,14762045,NCRFC,-88.3422164916992,41.9332389831543,1,0,regular,3
05592575,13869098,NCRFC,-88.95703125,38.9346046447754,0,0,regular,3
05591550,13771102,NCRFC,-88.5323715209961,39.5054588317871,1,0,regular,3
05577500,14820569,NCRFC,-89.6985321044922,39.8165321350098,1,0,regular,3
05431486,13295630,NCRFC,-88.814697265625,42.599983215332,1,0,regular,3
05514840,880196,NCRFC,-90.6987380981445,38.7396965026855,1,0,regular,3
05473450,7003470,NCRFC,-91.556037902832,41.0093803405762,1,0,regular,3
05389400,13211298,NCRFC,-91.2044525146484,43.0403709411621,1,0,regular,3
05503800,5640210,NCRFC,-91.9975891113281,39.5895805358887,1,0,regular,3
05393500,13399941,NCRFC,-89.9872436523438,45.4452667236328,1,0,regular,3
05593575,13873068,NCRFC,-89.4152984619141,38.4476318359375,0,0,regular,3
05593900,13881906,NCRFC,-89.3505096435547,39.1496276855469,1,0,regular,3
05592050,13771802,NCRFC,-88.8938064575195,39.3873291015625,1,0,regular,3
05507600,4868933,NCRFC,-91.6792144775391,39.434944152832,1,0,regular,3
05494300,5799184,NCRFC,-92.4148864746094,40.7692222595215,1,0,regular,3
05451210,6572160,NCRFC,-93.1500701904297,42.3139457702637,1,0,regular,3
05407470,13624135,NCRFC,-90.5880126953125,43.721607208252,1,0,regular,3
05357335,13344864,NCRFC,-89.9860305786133,46.0567207336426,1,0,snowy,0
05525500,13454068,NCRFC,-87.7189636230469,40.6362533569336,1,0,regular,3
05595730,13783124,NCRFC,-89.0417251586914,38.2561149597168,0,0,regular,3
05480820,6603048,NCRFC,-93.9518966674805,42.737865447998,1,0,regular,3
05516500,13435067,NCRFC,-86.3102340698242,41.3354606628418,1,0,regular,3
05317200,4142704,NCRFC,-94.3710021972656,44.235897064209,1,0,regular,3
05488200,4995875,NCRFC,-93.0444564819336,41.3009147644043,1,0,regular,3
05315000,4138204,NCRFC,-95.8351745605469,44.4309387207031,1,0,snowy,0
07017200,4638489,NCRFC,-90.7031021118164,37.8273391723633,0,0,regular,3
05290000,4073636,NCRFC,-96.87548828125,45.6065788269043,1,0,regular,3
05353800,2032979,NCRFC,-93.2311096191406,44.257755279541,1,0,regular,3
05467000,6960357,NCRFC,-90.9131546020508,41.1288299560547,1,0,regular,3
05444000,10605920,NCRFC,-89.6969375610352,41.9035530090332,1,0,regular,3
05399500,14733228,NCRFC,-90.0770111083984,44.821964263916,1,0,regular,3
05291000,4085588,NCRFC,-96.4829559326172,45.2912292480469,1,0,regular,3
05389000,13211090,NCRFC,-91.2638778686523,43.1216926574707,1,0,regular,3
05414000,13324402,NCRFC,-90.6455688476562,42.737621307373,1,0,regular,3
05293000,4085656,NCRFC,-96.3523254394531,45.2258415222168,1,0,regular,3
05506100,5039952,NCRFC,-91.8402633666992,39.3492240905762,1,0,regular,3
05495500,5802188,NCRFC,-91.3400344848633,40.1437072753906,1,0,regular,3
05482300,6608106,NCRFC,-94.9910202026367,42.3560638427734,1,0,regular,3
05362000,12981697,NCRFC,-90.9387588500977,45.3132972717285,1,0,regular,3
05327000,2386438,NCRFC,-93.9157943725586,44.5744895935059,1,1,snowy,0
05413500,13324626,NCRFC,-90.8054656982422,42.7008438110352,1,0,regular,3
05556500,14836121,NCRFC,-89.4979629516602,41.3671913146973,1,0,regular,3
05498700,4989089,NCRFC,-92.0306396484375,40.0082511901855,1,0,regular,3
05212700,4836620,NCRFC,-93.3865051269531,47.3876571655273,1,0,snowy,0
05481950,6597300,NCRFC,-93.7352447509766,41.6896781921387,1,0,regular,3
05319500,2423631,NCRFC,-94.2048950195312,44.0317115783691,1,0,snowy,0
05508805,4867221,NCRFC,-91.3472595214844,39.5201034545898,1,0,regular,3
05459500,937080094,NCRFC,-93.1926040649414,43.1576499938965,1,0,regular,3
05478265,6591302,NCRFC,-94.2309112548828,43.0788803100586,1,0,regular,3
05336700,2629936,NCRFC,-92.863265991211,46.1070671081543,1,0,regular,3
05483450,6621598,NCRFC,-94.4827270507812,41.7765655517578,1,0,regular,3
05584500,13802760,NCRFC,-90.8942947387695,40.3307991027832,1,0,regular,3
05464220,22476707,NCRFC,-92.3019104003906,42.2466812133789,1,0,regular,3
05458000,7016531,NCRFC,-92.5036315917969,43.0321006774902,1,0,regular,3
05275000,2723039,NCRFC,-93.6770401000977,45.3359756469727,1,0,snowy,0
07014000,5055431,NCRFC,-91.2041931152344,37.9771156311035,0,0,regular,3
05489000,4994047,NCRFC,-92.9085922241211,41.2181243896484,1,0,regular,3
05412400,13312435,NCRFC,-91.3693542480469,42.753662109375,1,0,regular,3
05567500,13597567,NCRFC,-89.2433471679688,40.6230392456055,1,0,regular,3
05317000,4047160,NCRFC,-94.4510498046875,44.2864151000977,1,0,snowy,0
07010350,5059289,NCRFC,-91.4365386962891,37.8281936645508,0,0,regular,3
05368000,13083391,NCRFC,-91.9124526977539,45.0478057861328,1,0,regular,3
05501000,2925495,NCRFC,-91.5301132202148,39.8204383850098,1,0,regular,3
05245100,4966267,NCRFC,-94.8606033325195,45.9834365844727,1,0,snowy,0
05587000,5915205,NCRFC,-90.391845703125,39.2353515625,1,0,regular,3
05426000,13283852,NCRFC,-88.8490447998047,43.0993843078613,1,0,snowy,0
05447500,10969489,NCRFC,-90.1575927734375,41.4888114929199,1,0,regular,3
05420680,6949292,NCRFC,-92.2499084472656,42.8265571594238,1,0,regular,3
05487980,22252001,NCRFC,-93.2660903930664,41.2467575073242,1,0,regular,3
05383950,2464389,NCRFC,-92.0322647094727,43.7832641601562,1,0,regular,3
05466500,6960295,NCRFC,-90.9669647216797,41.1852836608887,1,0,regular,3
05569500,13584750,NCRFC,-90.2836608886719,40.7054100036621,1,0,regular,3
05498150,5017044,NCRFC,-91.7128601074219,40.0342979431152,1,0,regular,3
05514500,2507315,NCRFC,-90.9642105102539,39.0149459838867,1,0,regular,3
05455500,11918423,NCRFC,-91.7161331176758,41.4699745178223,1,0,regular,3
05411850,13309075,NCRFC,-91.804573059082,43.0644721984863,1,0,regular,3
05387440,13336562,NCRFC,-91.906852722168,43.4012908935547,1,0,regular,3
05570000,13586224,NCRFC,-90.3414688110352,40.4804725646973,1,0,regular,3
0344894205,22160778,LMRFC,-82.3326263427734,35.6809692382812,1,0,regular,3
03455500,22152669,LMRFC,-82.9398193359375,35.3887634277344,1,0,regular,3
03605078,10581525,LMRFC,-88.0717544555664,36.0480079650879,0,0,regular,3
03544970,19679561,LMRFC,-83.7220458984375,34.8815460205078,0,0,regular,3
03491000,22178350,LMRFC,-82.95654296875,36.4296760559082,0,0,regular,3
03578500,19604435,LMRFC,-85.9719924926758,35.363395690918,0,0,regular,3
03597590,19531616,LMRFC,-86.3393630981445,35.5199279785156,0,0,regular,3
03504000,19736561,LMRFC,-83.6199188232422,35.1258277893066,0,0,regular,3
03460000,22151401,LMRFC,-83.0741119384766,35.659423828125,0,0,regular,3
03441000,22164500,LMRFC,-82.7099914550781,35.2746200561523,0,0,regular,3
03578000,19604615,LMRFC,-85.8771057128906,35.2944946289062,0,0,regular,3
03500240,19735951,LMRFC,-83.3894424438477,35.1564178466797,0,0,regular,3
03463300,19490270,LMRFC,-82.1834335327148,35.8332366943359,1,0,regular,3
03599450,19531696,LMRFC,-86.9391174316406,35.5172233581543,0,0,regular,3
03479000,19743430,LMRFC,-81.8284912109375,36.2400588989258,0,0,regular,3
03439000,22165090,LMRFC,-82.8271484375,35.1465721130371,0,0,regular,3
03471500,19752335,LMRFC,-81.629508972168,36.7600402832031,0,0,regular,3
03456500,22152435,LMRFC,-82.8721008300781,35.4720153808594,0,0,regular,3
03535000,22123016,LMRFC,-83.983772277832,36.1243705749512,0,0,regular,3
03518500,19722609,LMRFC,-84.2822723388672,35.363452911377,0,0,regular,3
03500000,19736555,LMRFC,-83.3743057250977,35.1460990905762,0,0,regular,3
03497300,22130697,LMRFC,-83.7105102539062,35.6643333435059,0,0,regular,3
03539778,19710283,LMRFC,-84.7172012329102,36.1021347045898,0,0,regular,3
03488000,19761976,LMRFC,-81.7455368041992,36.9001121520996,0,0,regular,3
03535400,22125042,LMRFC,-84.1816635131836,35.9513816833496,0,0,regular,3
03588500,19577851,LMRFC,-87.5782775878906,35.0240936279297,0,0,regular,3
03574500,19621426,LMRFC,-86.3057250976562,34.6261329650879,0,0,regular,3
03567340,19697599,LMRFC,-85.2064514160156,34.9626235961914,0,0,regular,3
03604000,19504798,LMRFC,-87.833122253418,35.4957008361816,0,0,regular,3
03527220,14640623,LMRFC,-82.929931640625,36.5746002197266,0,0,regular,3
03368000,18450047,OHRFC,-85.4490661621094,39.0866928100586,1,0,regular,3
03075905,3808623,OHRFC,-79.3062286376953,39.5462074279785,1,0,regular,3
03292474,10163710,OHRFC,-85.6088180541992,38.282356262207,1,0,regular,3
03302680,10356472,OHRFC,-86.0866012573242,38.6069107055664,1,0,regular,3
03373508,18445546,OHRFC,-86.7447814941406,38.6619567871094,0,0,regular,3
03351072,18476367,OHRFC,-86.1661682128906,39.8996505737305,1,0,regular,3
03254550,2087793,OHRFC,-84.5608901977539,38.9783096313477,1,0,regular,3
03291780,10161364,OHRFC,-85.2622985839844,38.878547668457,1,0,regular,3
03357330,18464804,OHRFC,-86.7671813964844,39.8055534362793,1,0,regular,3
03277130,3407421,OHRFC,-84.7145614624023,38.8437461853027,1,0,regular,3
03237280,1920776,OHRFC,-83.2224655151367,38.640998840332,1,0,regular,3
03364500,18454477,OHRFC,-85.6778411865234,39.3133277893066,1,0,regular,3
03277075,3407011,OHRFC,-84.7119903564453,38.9908714294434,1,0,regular,3
03177710,6909539,OHRFC,-81.2943344116211,37.2677421569824,0,0,regular,3
03340800,10207857,OHRFC,-86.9179763793945,39.8329734802246,1,0,regular,3
03140000,15400312,OHRFC,-81.8626403808594,40.3628387451172,1,0,regular,3
03413200,3575414,OHRFC,-84.8865356445312,36.8051910400391,0,0,regular,3
03052500,4354466,OHRFC,-80.1525344848633,38.9752349853516,0,0,regular,3
03078000,3808365,OHRFC,-79.1438446044922,39.6970748901367,1,0,regular,3
03271300,3882442,OHRFC,-84.19873046875,39.6575698852539,1,0,regular,3
03165000,6886804,OHRFC,-80.9286804199219,36.6689567565918,1,0,regular,3
03201405,19315642,OHRFC,-82.0133438110352,38.4566116333008,0,0,regular,3
03110830,3822659,OHRFC,-80.5904541015625,40.4306907653809,1,0,regular,3
03241500,3930910,OHRFC,-83.890510559082,39.7248077392578,1,0,regular,3
03213500,437262,OHRFC,-81.8747787475586,37.4468688964844,0,0,regular,3
03076600,3808829,OHRFC,-79.395881652832,39.6596374511719,1,0,regular,3
03021350,9049227,OHRFC,-79.783576965332,42.0136337280274,1,0,regular,3
03431599,18408070,OHRFC,-86.8325805664062,36.2065887451172,0,0,regular,3
03277300,454926,OHRFC,-82.8276519775391,37.1199645996094,0,0,regular,3
03198350,6929270,OHRFC,-81.5193252563477,37.9621734619141,0,0,regular,3
03011800,8974366,OHRFC,-78.7135467529297,41.764217376709,1,0,regular,3
03366500,18451023,OHRFC,-85.6709213256836,38.8025054931641,1,0,regular,3
03280700,487460,OHRFC,-83.3033142089844,37.1639251708984,0,0,regular,3
03282500,867892,OHRFC,-83.4628601074219,37.8131637573242,1,0,regular,3
03206600,3964810,OHRFC,-82.2929534912109,38.0313415527344,0,0,regular,3
03361650,18460036,OHRFC,-85.8900756835938,39.7093276977539,1,0,regular,3
03282040,867996,OHRFC,-83.8066024780273,37.5021057128906,0,0,regular,3
03384450,11868270,OHRFC,-88.5470733642578,37.4699020385742,0,0,regular,3
03210000,886365,OHRFC,-82.4494247436523,37.5651931762695,0,0,regular,3
03208950,1089041,OHRFC,-82.4283294677734,37.1279449462891,0,0,regular,3
03228750,5212897,OHRFC,-82.9280853271484,40.3518104553223,1,0,regular,3
03415000,10183165,OHRFC,-85.1759567260742,36.3985328674316,0,0,regular,3
03145483,15363353,OHRFC,-82.5504302978516,40.0684127807617,1,0,regular,3
03028000,6874111,OHRFC,-78.6934509277344,41.5663223266602,1,0,regular,3
03272700,3882696,OHRFC,-84.6480865478516,39.6253089904785,1,0,regular,3
03149500,15380941,OHRFC,-81.8605651855469,39.9123878479004,0,0,regular,3
03045000,4582480,OHRFC,-79.3473510742188,40.2917137145996,1,0,regular,3
03180500,12103826,OHRFC,-79.8385467529297,38.5406494140625,1,0,regular,3
03346000,10337448,OHRFC,-87.9472045898438,39.0120391845703,1,0,regular,3
03230310,5217611,OHRFC,-83.2670822143555,39.9512519836426,0,0,regular,3
03212750,436048,OHRFC,-81.5978851318359,37.4471321105957,0,0,regular,3
03144000,15380169,OHRFC,-82.1423416137695,40.1397972106934,1,0,regular,3
03159540,19440277,OHRFC,-81.8904037475586,39.0608901977539,0,0,regular,3
03070500,3773681,OHRFC,-79.7101211547852,39.622314453125,1,0,regular,3
03281100,504810,OHRFC,-83.7599411010742,37.1523666381836,0,0,regular,3
03248300,2093851,OHRFC,-83.0725479125977,37.736457824707,0,0,regular,3
03431800,18409192,OHRFC,-87.0584945678711,36.321361541748,0,0,regular,3
03252300,2057678,OHRFC,-84.0547027587891,38.2410354614258,1,0,regular,3
03378635,10432010,OHRFC,-88.5883712768555,39.1032829284668,1,0,regular,3
03151400,19417429,OHRFC,-80.5228805541992,38.7485160827637,0,0,regular,3
03093000,13154221,OHRFC,-80.9520263671875,41.2610778808594,1,0,regular,3
03202400,6934802,OHRFC,-81.6409912109375,37.5970458984375,0,0,regular,3
03424730,18421273,OHRFC,-85.9072189331055,36.0867004394531,0,0,regular,3
03436690,11883626,OHRFC,-87.5549468994141,36.3142929077149,0,0,regular,3
03141870,15372674,OHRFC,-81.4942626953125,39.9894485473633,0,0,regular,3
03285000,1827630,OHRFC,-84.6618423461914,37.6413764953613,0,1,regular,3
03154000,19418679,OHRFC,-81.2287368774414,38.852611541748,0,0,regular,3
03307000,4003088,OHRFC,-85.3813018798828,37.1224479675293,0,0,regular,3
03015500,8975242,OHRFC,-79.3158798217773,41.855224609375,1,0,regular,3
03409500,12154278,OHRFC,-84.6376724243164,36.3906631469727,0,0,regular,3
03432350,18393858,OHRFC,-86.8668060302734,35.9169998168945,0,0,regular,3
03300400,10302627,OHRFC,-85.2840423583984,37.8346099853516,0,0,regular,3
03212980,436434,OHRFC,-81.8056106567383,37.3894081115723,0,0,regular,3
03201902,3366826,OHRFC,-82.2962188720703,39.221866607666,0,0,regular,3
03115400,15431680,OHRFC,-81.2037506103516,39.5593872070312,0,0,regular,3
03052000,4352070,OHRFC,-80.0644226074219,39.0445213317871,1,0,regular,3
03187500,4547840,OHRFC,-80.5223083496094,38.2952575683594,1,0,regular,3
03275000,3923211,OHRFC,-85.1542205810547,39.5843849182129,1,0,regular,3
03251200,2088233,OHRFC,-84.0158920288086,38.5894165039062,1,0,regular,3
03161000,6892192,OHRFC,-81.4083862304688,36.4021263122559,0,0,regular,3
03010655,8971150,OHRFC,-78.2011795043945,41.9650344848633,1,0,regular,3
03403910,10191314,OHRFC,-84.1137466430664,36.6365280151367,0,0,regular,3
03042000,4754050,OHRFC,-79.1864700317383,40.4752769470215,1,0,regular,3
03328000,18499604,OHRFC,-85.789909362793,40.9917259216309,1,0,regular,3
03072000,3787957,OHRFC,-79.9744033813477,39.7583465576172,1,0,regular,3
03029000,6874893,OHRFC,-78.7354965209961,41.4202575683594,1,0,regular,3
03339500,18482486,OHRFC,-86.909294128418,40.0510101318359,1,0,regular,3
03173000,6908597,OHRFC,-80.7039108276367,37.2670211791992,1,0,regular,3
03170000,6884590,OHRFC,-80.5567321777344,37.0319747924805,1,0,regular,3
03065000,3775187,OHRFC,-79.6150512695312,39.0699691772461,1,0,regular,3
03318800,11622056,OHRFC,-86.6556091308594,37.4645347595215,1,0,regular,3
03237500,1919636,OHRFC,-83.4191131591797,38.8069496154785,0,0,regular,3
03207800,1087021,OHRFC,-82.1993789672852,37.350471496582,0,0,regular,3
03068800,3776515,OHRFC,-79.7762451171875,38.9320526123047,1,0,regular,3
03186500,4547810,OHRFC,-80.4846725463867,38.3804626464844,1,0,regular,3
03433500,18391756,OHRFC,-86.9354782104492,36.0548400878906,0,0,regular,3
03291500,1823336,OHRFC,-84.8203430175781,38.703426361084,1,0,regular,3
03314000,4035394,OHRFC,-86.3815383911133,36.8952217102051,0,0,regular,3
03408500,12154450,OHRFC,-84.5664138793945,36.3975372314453,0,0,regular,3
03175500,6908591,OHRFC,-80.8510971069336,37.3050880432129,0,0,regular,3
03114500,15431972,OHRFC,-80.998046875,39.4749221801758,1,0,regular,3
03050000,4353002,OHRFC,-79.8812866210938,38.8076553344727,1,0,regular,3
03281500,503758,OHRFC,-83.6727294921875,37.4798316955566,0,0,regular,3
03230500,5218143,OHRFC,-83.1189880371094,39.7077331542969,0,0,regular,3
03032500,4741683,OHRFC,-79.3943405151367,40.9949111938477,1,0,regular,3
03379500,10434608,OHRFC,-88.2914199829102,38.6312103271484,0,0,regular,3
03069500,3775993,OHRFC,-79.6869964599609,39.1272277832031,1,0,regular,3
03183500,12107522,OHRFC,-80.6212387084961,37.7170486450195,1,0,regular,3
03010820,8969946,OHRFC,-78.4531555175781,42.0711441040039,1,0,regular,3
03164000,6887572,OHRFC,-80.9816818237305,36.6640357971191,0,0,regular,3
07165562,368019,ABRFC,-95.8386917114258,36.0295066833496,0,0,regular,3
07164600,367965,ABRFC,-95.9571533203125,36.0766143798828,0,0,flashy,2
07250974,7753312,ABRFC,-94.0766906738281,35.7066268920898,0,0,regular,3
072632982,22845923,ABRFC,-92.6085433959961,34.9288902282715,0,0,regular,3
07195800,399452,ABRFC,-94.4311141967773,36.2593002319336,0,0,regular,3
07329780,19959914,ABRFC,-97.134407043457,34.4378242492676,0,0,regular,3
07325860,683417,ABRFC,-98.4614868164062,35.2414283752441,0,0,flashy,2
07105490,1529787,ABRFC,-104.84154510498,38.7999534606934,1,0,regular,3
07342480,4300953,LMRFC,-95.9401245117188,33.2673797607422,0,0,regular,3
07185090,7583093,ABRFC,-94.8585739135742,36.937068939209,0,0,regular,3
072632962,22846151,ABRFC,-92.6802291870117,34.878791809082,0,0,regular,3
07241780,417985,ABRFC,-96.9123611450195,35.307014465332,0,0,regular,3
07083000,916821,ABRFC,-106.386589050293,39.1776084899902,1,1,snowy,0
07208500,20060156,ABRFC,-104.975044250488,36.3727264404297,1,0,snowy,0
07189100,7600551,ABRFC,-94.6047973632812,36.6688995361328,0,0,regular,3
07250935,7752590,ABRFC,-94.1021881103516,35.7401466369629,0,0,regular,3
07340300,3746094,ABRFC,-94.2368316650391,34.3607940673828,0,0,regular,3
07050690,7607143,LMRFC,-93.1983413696289,37.1798057556152,0,0,regular,3
07351500,8342461,LMRFC,-93.8311080932617,32.2983207702637,0,0,regular,3
07331300,430036,ABRFC,-96.7105255126953,34.3534927368164,0,0,regular,3
07196900,400822,ABRFC,-94.483528137207,35.8791007995605,0,0,regular,3
07126200,938902,ABRFC,-103.957244873047,37.3458938598633,0,0,flashy,2
07061270,7665728,LMRFC,-90.8422317504883,37.5521697998047,0,0,regular,3
07315200,13660367,ABRFC,-98.0865478515625,33.8152275085449,0,0,regular,3
07299670,13741403,ABRFC,-99.7504119873047,34.360668182373,0,0,flashy,2
07050152,8585070,LMRFC,-93.8317794799805,36.5775871276855,0,0,regular,3
07053250,8586574,LMRFC,-93.35595703125,36.4549980163574,0,0,regular,3
07064440,7516577,LMRFC,-91.6775283813477,37.4556503295898,0,0,regular,3
07055646,11819355,LMRFC,-93.4043731689453,35.9441947937012,0,0,regular,3
07184000,20874950,ABRFC,-95.0282821655273,37.2778701782227,0,0,regular,3
07263295,22846153,ABRFC,-92.7749862670898,34.8755302429199,0,0,regular,3
07335700,588170,ABRFC,-94.613410949707,34.638111114502,0,0,regular,3
07103780,1528197,ABRFC,-104.848793029785,39.0312194824219,1,0,flashy,2
07060710,11834118,LMRFC,-92.2109680175781,35.9933242797852,0,0,regular,3
07233500,13837931,ABRFC,-101.306396484375,36.2020149230957,0,0,regular,3
07055875,11818809,LMRFC,-92.9248046875,35.7986602783203,0,0,regular,3
07197360,401366,ABRFC,-94.8565444946289,35.7848854064941,0,0,regular,3
07191222,21770993,ABRFC,-94.7725143432617,36.3592300415039,0,0,regular,3
07337900,616744,ABRFC,-94.9005584716797,34.1059494018555,0,0,regular,3
07249920,1539341,ABRFC,-94.55615234375,35.5722389221191,0,0,regular,3
07056515,11817935,LMRFC,-92.7171096801758,35.9354095458984,0,0,regular,3
07180500,20920709,ABRFC,-96.8220520019531,38.1986427307129,0,0,regular,3
07346045,1017865,LMRFC,-94.3813552856445,32.7923355102539,0,0,regular,3
07188653,7600617,ABRFC,-94.1858139038086,36.619571685791,0,0,regular,3
07342500,4300941,LMRFC,-95.5882186889648,33.3579063415527,0,0,regular,3
07096250,947431,ABRFC,-105.223236083984,38.6590538024902,1,0,regular,3
07315700,3132401,ABRFC,-97.5651016235352,34.0031585693359,0,0,regular,3
07311500,576014,ABRFC,-98.437385559082,34.2260437011719,0,0,regular,3
07332390,698694,ABRFC,-96.606575012207,34.3928298950195,0,0,regular,3
07301410,13754363,ABRFC,-100.120559692383,35.4732322692871,0,0,regular,3
07065200,7519951,LMRFC,-91.6625442504883,37.0566444396973,1,0,regular,3
07167500,21517052,ABRFC,-96.2225646972656,37.709602355957,0,0,regular,3
07145700,21166753,ABRFC,-97.4019393920898,37.2463607788086,0,0,regular,3
07249400,6041516,ABRFC,-94.4085006713867,35.1612815856934,0,0,regular,3
07260000,7805591,ABRFC,-93.6158065795898,34.9883232116699,0,0,regular,3
07261000,7817394,ABRFC,-92.4205856323242,35.309383392334,0,0,regular,3
07048550,8590430,LMRFC,-94.0777053833008,36.0572166442871,0,0,regular,3
07257500,7770981,ABRFC,-93.0444412231445,35.4623870849609,0,0,regular,3
07249800,1540035,ABRFC,-94.5281524658203,35.5730667114258,0,0,regular,3
07054080,7622144,LMRFC,-92.9135437011719,36.7751960754395,0,0,regular,3
07311800,13520741,ABRFC,-99.7974624633789,33.6501159667969,0,0,regular,3
07303400,13746044,ABRFC,-99.9026412963867,35.0114860534668,0,0,regular,3
07160500,251482,ABRFC,-97.5885162353516,36.0619277954102,0,0,regular,3
07185910,7590133,ABRFC,-94.4423751831055,37.2641525268555,0,0,regular,3
07142300,21195628,ABRFC,-98.8993682861328,37.8679161071777,0,0,regular,3
07053810,7625104,LMRFC,-93.202522277832,36.7113456726074,0,0,regular,3
07049000,8588002,LMRFC,-93.8488464355469,36.2020034790039,0,0,regular,3
07312200,13730379,ABRFC,-98.8867340087891,33.9023857116699,0,0,regular,3
07144780,21160115,ABRFC,-98.0113983154297,37.8633995056152,0,0,snowy,0
07247250,6048082,ABRFC,-94.51806640625,34.7695732116699,0,0,regular,3
07126300,938894,ABRFC,-103.89722442627,37.3571434020996,0,0,regular,3
07050700,7607997,LMRFC,-93.2035751342773,37.1493339538574,0,0,regular,3
07252000,7752938,ABRFC,-94.01416015625,35.5797386169434,0,0,regular,3
07257006,7766271,ABRFC,-93.182373046875,35.5045280456543,0,0,regular,3
07050500,8586784,LMRFC,-93.62646484375,36.4218330383301,0,0,regular,3
07057500,7650991,LMRFC,-92.248161315918,36.6211051940918,0,0,regular,3
07058000,7650971,LMRFC,-92.308952331543,36.6278190612793,0,0,regular,3
07075000,11778001,LMRFC,-92.3209381103516,35.6528434753418,0,0,regular,3
07148400,21028210,ABRFC,-98.640251159668,36.8158912658691,0,0,regular,3
07071500,7572703,LMRFC,-91.2010192871094,36.6407585144043,0,0,regular,3
07226500,20026105,ABRFC,-103.519226074219,35.4406929016113,0,0,regular,3
07149000,21014649,ABRFC,-98.4631576538086,37.0391654968262,0,0,regular,3
07151500,20987715,ABRFC,-97.6038589477539,37.1295318603516,0,0,regular,3
07157500,21086452,ABRFC,-100.209632873535,37.0322799682617,0,0,regular,3
07348700,19935747,LMRFC,-93.3952331542969,32.9851264953613,0,0,regular,3
07072000,7573907,LMRFC,-91.1187362670898,36.3506736755371,0,0,regular,3
07373000,19376616,LMRFC,-92.4103088378906,31.5372543334961,0,0,regular,3
07362587,21919761,LMRFC,-92.9308242797852,34.7981147766113,0,0,regular,3
08010000,15140365,LMRFC,-92.4804992675781,30.49196434021,0,0,regular,3
07360200,22698054,LMRFC,-93.9064254760742,34.318416595459,0,0,regular,3
07376500,20090348,LMRFC,-90.544921875,30.5030784606934,0,0,regular,3
08014500,15078398,LMRFC,-92.8998947143555,30.6852130889893,0,0,regular,3
07359610,22000700,LMRFC,-93.6050720214844,34.381908416748,0,0,regular,3
07375000,18928210,LMRFC,-90.2494964599609,30.6208686828613,0,0,regular,3
07030392,14208484,LMRFC,-89.2481307983398,35.0327835083008,0,0,regular,3
07375800,20089222,LMRFC,-90.6732559204102,30.9280033111572,0,0,regular,3
07291000,19115892,LMRFC,-90.7785949707031,31.505744934082,0,0,regular,3
07366200,15221924,LMRFC,-92.6313629150391,32.9248924255371,0,0,regular,3
07378000,18988606,LMRFC,-91.0745391845703,30.5142784118652,0,0,regular,3
07274000,15274896,LMRFC,-89.5204696655273,34.2735366821289,0,0,regular,3
07288280,17958105,LMRFC,-90.6720504760742,33.8306541442871,0,0,regular,3
07025400,7483456,LMRFC,-88.8468704223633,36.4060287475586,0,0,regular,3
07283000,18015234,LMRFC,-89.3479309082031,33.9736671447754,0,0,regular,3
02481880,15785080,LMRFC,-89.0998382568359,32.8408584594727,0,0,regular,3
07362100,21956120,LMRFC,-92.7754898071289,33.377269744873,0,0,regular,3
07372200,19376770,LMRFC,-92.3465347290039,31.7526950836182,0,0,regular,3
07377000,18985872,LMRFC,-90.8473587036133,30.8873767852783,0,0,regular,3
07030500,14207658,LMRFC,-89.5410995483398,35.0555267333984,0,0,regular,3
07037500,734307,LMRFC,-90.5000228881836,37.1925201416016,0,0,regular,3
08013000,15085941,LMRFC,-92.6757507324219,30.9928379058838,0,0,regular,3
02378170,10854075,SERFC,-87.6419982910156,30.3779354095459,0,0,regular,3
02336526,3285608,SERFC,-84.4860076904297,33.799129486084,0,0,flashy,2
02327100,10365698,SERFC,-84.50537109375,30.1089706420898,0,0,regular,3
02470072,21638314,SERFC,-87.7457122802734,31.8558864593506,0,0,regular,3
02336152,2048083,SERFC,-84.2578735351562,33.8108787536621,0,0,flashy,2
02338523,3291248,SERFC,-85.2255935668945,33.339469909668,0,0,regular,3
02335870,2047815,SERFC,-84.4364852905273,33.9477424621582,0,0,regular,3
02423400,21655328,SERFC,-86.6166381835938,33.4956207275391,0,0,regular,3
02336968,3285562,SERFC,-84.6426315307617,33.8419761657715,0,0,regular,3
02430085,18693151,SERFC,-88.2807464599609,34.4668998718262,0,0,regular,3
02366996,476177,SERFC,-86.1850280761719,30.6664543151855,0,0,regular,3
02362240,2188549,SERFC,-85.9601669311523,31.2750301361084,0,0,regular,3
02395120,6498620,SERFC,-84.8880844116211,34.2459983825684,0,0,regular,3
02479945,18094191,LMRFC,-88.3308410644531,30.8519916534424,0,0,regular,3
02430880,18694277,SERFC,-88.3726272583008,34.302978515625,0,0,regular,3
02335580,2044625,SERFC,-84.2187881469727,34.1567802429199,0,0,regular,3
02330400,2077651,SERFC,-84.8476943969727,30.045316696167,0,0,regular,3
02423130,21654166,SERFC,-86.601432800293,33.6318740844727,0,0,regular,3
02336120,2047971,SERFC,-84.3392105102539,33.8333320617676,0,0,regular,3
02349900,6442680,SERFC,-83.9041442871094,32.1889343261719,0,0,regular,3
02369800,789206,SERFC,-86.7101745605469,31.0175132751465,0,0,regular,3
02392975,6498060,SERFC,-84.5371704101562,34.0712051391602,0,0,regular,3
02465493,18208346,SERFC,-87.6311492919922,32.9903564453125,0,0,regular,3
02455980,18565735,SERFC,-86.6972579956055,33.7144622802734,0,0,regular,3
02344620,6413164,SERFC,-84.6191711425781,33.3861427307129,0,0,regular,3
02479155,18105412,LMRFC,-89.0144424438477,31.0224990844727,0,0,regular,3
02457595,18566081,SERFC,-86.8652191162109,33.6019134521484,0,0,regular,3
02336910,3285574,SERFC,-84.6438369750977,33.8221588134766,0,0,regular,3
02400680,22198487,SERFC,-85.7679824829102,34.4374580383301,0,0,regular,3
02330450,2040783,SERFC,-83.7277145385742,34.7026557922363,0,0,regular,3
02390140,6496726,SERFC,-84.2631530761719,34.2915267944336,0,0,regular,3
02450250,18578829,SERFC,-87.3846206665039,34.2812080383301,0,0,regular,3
02339495,3296804,SERFC,-85.1901397705078,32.8992118835449,0,0,regular,3
02418760,21712732,SERFC,-85.4816970825195,32.5472450256348,0,0,regular,3
02387600,6487858,SERFC,-84.9591522216797,34.4926452636719,0,0,regular,3
02415000,22035157,SERFC,-85.8798370361328,33.068187713623,0,0,regular,3
02359500,2178951,SERFC,-85.5549240112305,30.3615283966064,0,0,regular,3
02464000,18229143,SERFC,-87.5937194824219,33.4730987548828,0,0,regular,3
02450825,18579837,SERFC,-87.4241027832031,34.0829200744629,0,0,regular,3
02388975,6495832,SERFC,-84.0232009887695,34.4091567993164,0,0,regular,3
02448900,18604744,SERFC,-88.315544128418,32.802906036377,0,0,regular,3
02365470,2240423,SERFC,-85.7621459960938,30.8565254211426,0,0,regular,3
02374500,933140017,SERFC,-86.9858169555664,31.415864944458,0,0,regular,3
02343940,2310009,SERFC,-85.0427017211914,31.1778697967529,0,0,regular,3
02390000,6495864,SERFC,-84.2130355834961,34.4119338989258,0,0,regular,3
02342850,3433426,SERFC,-84.9064178466797,32.1529121398926,0,0,regular,3
02326900,10323850,SERFC,-84.1500091552734,30.2673625946045,0,0,slow,1
02453000,18591938,SERFC,-87.2495651245117,33.906120300293,0,0,regular,3
02469800,21640642,SERFC,-88.019287109375,31.7470531463623,0,0,regular,3
02331000,2041579,SERFC,-83.6339721679688,34.5744361877441,0,0,regular,3
02350600,6458195,SERFC,-84.5482482910156,32.0526542663574,0,0,regular,3
02380500,6479383,SERFC,-84.5068435668945,34.6755638122559,0,0,regular,3
02365769,2241851,SERFC,-85.934310913086,30.6198959350586,0,0,regular,3
02366000,2241831,SERFC,-85.7189712524414,30.6263637542725,0,0,regular,3
02481000,18070104,LMRFC,-89.1162109375,30.5571403503418,0,0,regular,3
02370500,792126,SERFC,-86.968017578125,30.6969814300537,0,0,regular,3
02373000,2402121,SERFC,-86.7758712768555,31.4598503112793,0,0,regular,3
02408540,22274612,SERFC,-86.27197265625,32.9164924621582,0,0,regular,3
02427250,21457950,SERFC,-87.0717468261719,31.995325088501,0,0,regular,3
02438000,18670534,SERFC,-87.9916839599609,34.1068840026855,0,0,regular,3
02422500,21676818,SERFC,-86.9033737182617,32.5829925537109,0,0,regular,3
02374950,445834,SERFC,-87.3696670532227,31.1344089508057,0,0,regular,3
02384500,12193538,SERFC,-84.8560791015625,34.8227500915527,0,0,regular,3
02372250,2323396,SERFC,-86.4052124023438,31.5941982269287,0,0,regular,3
02374745,2413254,SERFC,-87.0849380493164,31.1330699920654,0,0,regular,3
02343225,3440880,SERFC,-84.9739227294922,31.818380355835,0,0,regular,3
02467500,18531726,SERFC,-88.1902008056641,32.5679321289062,0,0,regular,3
02472500,18157053,LMRFC,-89.4104614257812,31.4257965087891,0,0,regular,3
02361000,2188031,SERFC,-85.6088638305664,31.3438129425049,0,0,regular,3
02481510,18075806,LMRFC,-89.2718124389648,30.4783687591553,0,0,regular,3
02363000,2210130,SERFC,-85.7846603393555,31.5935192108154,0,0,regular,3
02479560,18094981,LMRFC,-88.463623046875,30.8076858520508,0,0,regular,3
02472000,18154237,LMRFC,-89.4053115844727,31.7020587921143,0,0,regular,3
02472850,18156447,LMRFC,-89.4318161010742,31.4839305877686,0,0,regular,3
02479300,18107248,LMRFC,-88.7734069824219,30.7345161437988,0,0,regular,3
02371500,2377281,SERFC,-86.2497406005859,31.5738201141357,0,0,regular,3
02349605,6444276,SERFC,-84.0432510375977,32.2869071960449,0,0,regular,3
02236500,16644086,SERFC,-81.7412338256836,28.4388542175293,0,0,regular,3
02247510,16687209,SERFC,-81.102668762207,29.2057991027832,0,0,regular,3
02310525,16928188,SERFC,-82.6011199951172,28.5276527404785,0,0,slow,1
02266480,21476576,SERFC,-81.6001663208008,28.2745838165283,0,0,regular,3
02266200,21477644,SERFC,-81.6139831542969,28.3883876800537,0,0,regular,3
02303350,166743841,SERFC,-82.3628845214844,28.1066341400146,0,0,regular,3
02326000,1978638,SERFC,-83.7736587524414,30.1802501678467,0,0,regular,3
02324400,1978648,SERFC,-83.471565246582,30.0993633270264,0,0,regular,3
02307359,166743866,SERFC,-82.6854934692383,28.1046123504639,0,0,regular,3
02300700,16918210,SERFC,-82.3486099243164,27.8007698059082,0,0,regular,3
02204130,6333958,SERFC,-84.0679397583008,33.5736618041992,0,0,regular,3
02297155,16812461,SERFC,-82.0171508789062,27.4757919311523,0,0,regular,3
02235200,10997161,SERFC,-81.5104293823242,28.9013843536377,0,0,regular,3
02298488,16837004,SERFC,-82.1396331787109,27.4296836853027,0,0,regular,3
02320700,2161828,SERFC,-82.2277145385742,29.8464431762695,0,0,regular,3
02300033,16877722,SERFC,-82.4284896850586,27.4189224243164,0,0,regular,3
02312200,16949670,SERFC,-82.1679611206055,28.5661430358887,0,0,regular,3
02228500,18258887,SERFC,-82.2301406860352,30.5170440673828,0,0,regular,3
02245500,16662855,SERFC,-81.8522262573242,29.9765434265137,0,0,regular,3
02299950,16877194,SERFC,-82.2140350341797,27.4673728942871,0,0,regular,3
02301990,16906283,SERFC,-82.189567565918,28.1784820556641,0,0,regular,3
02321000,2161384,SERFC,-82.2768936157227,29.9946155548096,0,0,regular,3
02208150,6330580,SERFC,-83.8898620605469,33.9204025268555,0,0,regular,3
02231342,11014543,SERFC,-80.7962036132812,27.5684795379639,0,0,regular,3
02207385,6330798,SERFC,-83.9898529052734,33.8148345947266,0,0,regular,3
02212600,6335902,SERFC,-83.7258377075195,33.0949363708496,0,0,regular,3
02216180,6383975,SERFC,-82.9258117675781,31.9931411743164,0,0,regular,3
02310947,16955670,SERFC,-82.0454635620117,28.3181190490723,0,0,regular,3
02303420,166743839,SERFC,-82.3866424560547,28.1671447753906,0,0,regular,3
02215100,6365072,SERFC,-83.5013809204102,32.2387199401855,0,0,regular,3
02299472,16838064,SERFC,-82.2261047363281,27.0654640197754,0,0,regular,3
02314500,1997544,SERFC,-82.5561218261719,30.6920833587647,0,0,regular,3
02296500,16806475,SERFC,-81.7876281738281,27.3787059783936,0,0,regular,3
02217475,1048487,SERFC,-83.5627975463867,34.0317077636719,0,0,regular,3
02221525,1056599,SERFC,-83.4854965209961,33.2550354003906,0,0,regular,3
02298123,16808187,SERFC,-81.7834930419922,27.0519218444824,0,0,regular,3
02219000,1050457,SERFC,-83.4675445556641,33.7775764465332,0,0,regular,3
02324000,1984358,SERFC,-83.3163223266602,29.797025680542,0,0,regular,3
0212467595,9202911,SERFC,-80.6044998168945,35.1264991760254,0,0,flashy,2
021459367,9737002,SERFC,-81.0195693969727,34.9847259521484,0,0,regular,3
02055100,8627131,SERFC,-79.9303131103516,37.4080848693848,1,0,regular,3
0209399200,8891468,SERFC,-79.8564758300781,36.1430587768555,0,0,regular,3
02160381,9692804,SERFC,-82.1435241699219,34.7133026123047,0,0,regular,3
02143040,9745600,SERFC,-81.5629425048828,35.5907592773438,1,0,regular,3
02142000,9753760,SERFC,-81.2346038818359,35.9481773376465,0,0,regular,3
02077200,8701361,SERFC,-79.2033309936524,36.392406463623,0,0,regular,3
02157470,9698267,SERFC,-82.219108581543,35.0395545959473,0,0,regular,3
0214269560,9756570,SERFC,-81.0307998657227,35.4346656799316,0,0,regular,3
02193340,6289497,SERFC,-82.866569519043,33.6818428039551,0,0,regular,3
02198100,9978327,SERFC,-81.8139801025391,32.9369049072266,0,0,regular,3
02084160,3350287,SERFC,-77.2288284301758,35.5577163696289,0,0,regular,3
02069700,8675163,SERFC,-80.1253509521485,36.5647163391113,0,0,regular,3
02051000,8744593,SERFC,-78.3500061035156,36.9988899230957,0,0,regular,3
02079640,12049196,SERFC,-78.3243408203125,36.6811561584473,0,0,regular,3
02178400,6267840,SERFC,-83.5371170043945,34.8909339904785,0,0,regular,3
02111500,9250814,SERFC,-81.1668853759766,36.1823387145996,0,0,regular,3
02152100,12034181,SERFC,-81.6824188232422,35.4883193969727,1,0,regular,3
02070000,8673051,SERFC,-79.9815216064453,36.5684356689453,0,0,regular,3
02095000,8891502,SERFC,-79.7411956787109,36.0514678955078,0,0,regular,3
021652801,9868108,SERFC,-82.1416015625,34.5353202819824,0,0,regular,3
02070500,8673563,SERFC,-79.9911422729492,36.5336799621582,0,0,regular,3
02111180,9251726,SERFC,-81.4053497314453,36.0738716125488,0,0,regular,3
02087359,8784005,SERFC,-78.583869934082,35.7586097717285,0,0,regular,3
02149000,12036581,SERFC,-82.1180267333984,35.4273986816406,0,0,regular,3
02053800,8629303,SERFC,-80.2574081420898,37.1527442932129,0,0,regular,3
02147500,9735864,SERFC,-80.9197845458984,34.5651397705078,0,0,regular,3
02201000,9961690,SERFC,-82.6167907714844,32.9802322387695,0,0,regular,3
0208111310,10449386,SERFC,-76.9821319580078,36.0409812927246,0,0,regular,3
02143000,9745122,SERFC,-81.3937377929688,35.6898918151855,1,0,regular,3
02202600,9944858,SERFC,-81.4749069213867,32.1551742553711,0,0,regular,3
02198690,20106819,SERFC,-81.2990493774414,32.367992401123,0,0,regular,3
02137727,9754776,SERFC,-82.0598602294922,35.6861991882324,0,0,regular,3
02132320,9110346,SERFC,-79.3837280273438,34.7460403442383,0,0,regular,3
02167450,9869384,SERFC,-81.7635040283203,34.2088928222656,0,0,regular,3
02056900,8626863,SERFC,-79.8454437255859,37.0486602783203,0,0,regular,3
02082950,10511316,SERFC,-77.8705368041992,36.1972923278809,0,0,regular,3
02091000,11573918,SERFC,-77.8016891479492,35.4913673400879,0,0,regular,3
02046000,8719481,SERFC,-77.5978317260742,37.0650405883789,0,0,regular,3
02065500,8648830,SERFC,-78.7560348510742,37.0872802734375,0,0,regular,3
02128000,9210446,SERFC,-79.8296585083008,35.3888359069824,0,0,regular,3
02118500,9233605,SERFC,-80.7460403442383,36.0033378601074,0,0,regular,3
02074500,8673535,SERFC,-79.5025100708008,36.6192665100098,0,0,regular,3
02192500,11737579,SERFC,-82.4996490478516,34.068000793457,0,0,regular,3
02177000,6269342,SERFC,-83.3041229248047,34.8113250732422,0,0,regular,3
02092500,10976591,SERFC,-77.4583282470703,35.0648422241211,0,0,regular,3
02053200,8746117,SERFC,-77.023193359375,36.3728179931641,0,0,regular,3
02081500,8760623,SERFC,-78.5783081054688,36.1941642761231,0,0,regular,3
02140991,9752476,SERFC,-81.7111892700195,35.8326950073242,0,0,regular,3
02059500,8627301,SERFC,-79.5198287963867,37.1723823547363,1,0,regular,3
02196000,11730030,SERFC,-82.182502746582,33.7270545959473,0,0,regular,3
02051500,8741021,SERFC,-77.8272094726562,36.7183227539062,0,0,regular,3
02082770,8755825,SERFC,-77.9265594482422,36.116024017334,0,0,regular,3
02110500,9069040,SERFC,-78.7108154296875,33.9123420715332,0,0,regular,3
02108000,10525935,SERFC,-77.8350601196289,34.8310546875,0,0,regular,3
01414500,1748611,MARFC,-74.6575241088867,42.0812454223633,1,0,regular,3
01421618,2612794,MARFC,-74.6271209716797,42.3545951843262,1,0,regular,3
01350140,3247552,NERFC,-74.5214157104492,42.4379119873047,1,0,regular,3
01350080,3247464,NERFC,-74.4054794311523,42.3779182434082,1,0,regular,3
01620500,5909157,MARFC,-79.2654724121094,38.3623924255371,1,0,regular,3
01362370,6189644,NERFC,-74.3168182373047,42.0991897583008,1,0,regular,3
0136230002,6189648,NERFC,-74.3360748291016,42.078727722168,1,0,regular,3
01362497,6189752,NERFC,-74.2299499511719,42.0227127075195,1,0,regular,3
01350035,3247556,NERFC,-74.5068435668945,42.3708572387695,1,0,regular,3
01363382,6191718,NERFC,-74.2848281860352,41.9674758911133,1,0,regular,3
01662800,8466041,MARFC,-78.0717926025391,38.6573638916016,1,0,regular,3
01415000,1748589,MARFC,-74.8115615844727,42.124568939209,1,0,regular,3
01414000,1748723,MARFC,-74.6951370239258,42.1374893188477,1,0,regular,3
01492500,4768920,MARFC,-76.1049957275391,38.9697456359863,1,0,regular,3
01422500,2612842,MARFC,-74.8965148925781,42.2525215148926,1,0,regular,3
01636690,4505510,MARFC,-77.7195205688477,39.3104629516602,1,0,regular,3
01362200,6189624,NERFC,-74.3897399902344,42.1171188354492,1,0,regular,3
01516500,8112305,MARFC,-77.0080947875977,41.7882194519043,1,0,regular,3
01333000,22290373,NERFC,-73.1991653442383,42.6991386413574,1,0,regular,3
01661050,4530917,MARFC,-76.7288970947266,38.3395309448242,0,0,regular,3
01365000,6200212,NERFC,-74.4816436767578,41.8716583251953,1,0,regular,3
01413408,1748719,MARFC,-74.6216659545898,42.1457328796387,1,0,regular,3
01434017,4147394,MARFC,-74.5428237915039,41.9226264953613,1,0,regular,3
01571184,4711782,MARFC,-77.3113021850586,40.0304336547852,1,0,regular,3
01493500,4766828,MARFC,-76.0169219970703,39.2780609130859,1,0,regular,3
01387450,6245480,MARFC,-74.111701965332,41.1465263366699,1,0,regular,3
02011460,8520739,MARFC,NA,NA,1,0,regular,3
01581870,11687118,MARFC,-76.7728271484375,39.625846862793,1,0,regular,3
01413500,1748583,MARFC,-74.6541442871094,42.143627166748,1,0,regular,3
01557500,4683152,MARFC,-78.2366027832031,40.6831665039062,1,0,regular,3
01374559,6226948,NERFC,-73.7605895996094,41.4707946777344,1,0,regular,3
01381400,6250096,MARFC,-74.5149383544922,40.8069534301758,1,0,regular,3
01525981,8110727,MARFC,-77.299934387207,42.0781517028809,1,0,regular,3
01552500,8151091,MARFC,-76.5444488525391,41.3533592224121,1,0,regular,3
02011400,8520617,MARFC,-79.8829498291016,38.0360832214355,1,0,regular,3
01396660,9512952,MARFC,-74.967041015625,40.6475296020508,1,0,regular,3
0142400103,2614018,MARFC,-75.2798843383789,42.1681251525879,1,0,regular,3
01451800,4187713,MARFC,-75.6229248046875,40.6387634277344,1,0,regular,3
01567500,4710396,MARFC,-77.4021987915039,40.3726692199707,1,0,regular,3
01545600,8134878,MARFC,-77.6945266723633,41.382682800293,1,0,regular,3
01485500,8401785,MARFC,-75.47119140625,38.2292022705078,0,0,regular,3
01632900,8441303,MARFC,-78.6442337036133,38.6478652954102,1,0,regular,3
01350000,3247466,NERFC,-74.4363327026367,42.3228492736816,1,0,regular,3
01434498,4147396,MARFC,-74.5745697021484,41.9348831176758,1,0,regular,3
01384500,6245518,MARFC,-74.2663497924805,41.1261825561523,1,0,regular,3
01490000,8382361,MARFC,-75.8843688964844,38.5111885070801,0,0,regular,3
02015700,8520749,MARFC,-79.572395324707,38.1994400024414,1,0,regular,3
02024915,8548847,MARFC,-79.2832260131836,37.6996879577637,1,0,regular,3
01411300,9436435,MARFC,-74.8229751586914,39.3061256408691,0,0,regular,3
01591400,11907272,MARFC,-77.0546722412109,39.2573471069336,1,0,regular,3
01330000,22288127,NERFC,-73.9478378295898,43.0410003662109,1,0,regular,3
01467042,4489170,MARFC,-75.0703964233398,40.0919532775879,1,0,flashy,2
01487000,8392898,MARFC,-75.5617370605469,38.7277793884277,0,0,regular,3
01471875,4780921,MARFC,-75.7450332641602,40.3429641723633,1,0,regular,3
01581810,11687020,MARFC,-76.7901992797852,39.6933212280273,1,0,regular,3
01596500,14364088,MARFC,-79.0986022949219,39.5707397460938,1,0,regular,3
01478245,4651254,MARFC,-75.7706451416016,39.7467422485352,1,0,regular,3
01613900,5895822,MARFC,-78.2832107543945,39.218936920166,1,0,regular,3
01374781,6227370,NERFC,-73.5946197509766,41.3274040222168,1,0,regular,3
01485000,8401303,MARFC,-75.319465637207,38.3943977355957,0,0,regular,3
01665500,8468791,MARFC,-78.3317489624023,38.2713890075684,1,0,regular,3
02032640,8566583,MARFC,-78.4357528686523,38.1690483093262,1,0,regular,3
01403900,9513328,MARFC,-74.5169143676758,40.5782890319824,1,0,regular,3
01421900,2612822,MARFC,-74.9049835205078,42.2830963134766,1,0,regular,3
01547700,8139414,MARFC,-77.6056594848633,41.0596122741699,1,0,regular,3
01669000,8479268,MARFC,-76.8970718383789,37.8769721984863,0,0,regular,3
01334000,22289963,NERFC,-73.2712554931641,42.9221687316895,1,0,regular,3
01651000,22337977,MARFC,-76.960807800293,38.9510650634766,1,0,regular,3
02018500,8526515,MARFC,-80.0055541992188,37.4699554443359,1,0,regular,3
01653600,22338051,MARFC,-76.9558715820312,38.708122253418,1,0,regular,3
01390450,6245850,MARFC,-74.0962524414062,41.0580596923828,1,0,regular,3
01594526,11908364,MARFC,-76.7464904785156,38.8076629638672,1,0,regular,3
01549500,8144818,MARFC,-77.2267913818359,41.4740676879883,1,0,regular,3
01586610,11688538,MARFC,-76.9549789428711,39.4519233703613,1,0,regular,3
01615000,5895964,MARFC,-78.0778961181641,39.1745262145996,1,0,regular,3
01666500,8468559,MARFC,-78.0931015014648,38.3263854980469,1,0,regular,3
0137462010,6227150,NERFC,-73.68741,41.40192,0,0,regular,3
01374890,6227656,NERFC,-73.6082077026367,41.2600898742676,1,0,regular,3
01379000,6250860,MARFC,-74.5283966064453,40.6814804077148,1,0,regular,3
01527500,8118867,MARFC,-77.4262847900391,42.4050712585449,1,0,regular,3
01583500,11687656,MARFC,-76.6744079589844,39.5145149230957,1,0,flashy,2
01332500,22290185,NERFC,-73.1544418334961,42.7000999450684,1,0,regular,3
01464000,2590137,MARFC,-74.7521667480469,40.2205543518066,1,0,regular,3
01632000,8441037,MARFC,-78.8567886352539,38.6352577209473,1,0,regular,3
01595000,14365432,MARFC,-79.3031387329102,39.2995452880859,1,0,regular,3
0137449480,6227048,NERFC,-73.5542907714844,41.4369087219238,1,0,regular,3
01518862,8111873,MARFC,-77.5281372070312,41.9240913391113,1,0,regular,3
02027500,8549853,MARFC,-79.0238800048828,37.703670501709,1,0,regular,3
01599000,14364970,MARFC,-79.0438766479492,39.4911460876465,1,0,regular,3
01643700,4508450,MARFC,-77.8040771484375,38.9884338378906,1,0,regular,3
01547950,8139224,MARFC,-77.6991806030273,41.1097030639648,1,0,regular,3
01638480,4505612,MARFC,-77.5724792480469,39.2580833435059,1,0,regular,3
01645000,4506374,MARFC,-77.3321380615234,39.115234375,1,0,regular,3
01613095,5893280,MARFC,-78.1482620239258,39.7088584899902,1,0,regular,3
01649500,22337975,MARFC,-76.9329299926758,38.9504127502441,1,0,regular,3
01673800,8489364,MARFC,-77.5925216674805,38.1692962646484,1,0,regular,3
01634500,8440459,MARFC,-78.3364944458008,39.0843315124512,1,0,regular,3
01440400,4153166,MARFC,-75.2214813232422,41.0918273925781,1,0,regular,3
01491000,9407484,MARFC,-75.7853240966797,38.998161315918,0,0,regular,3
02028500,8547459,MARFC,-78.8212585449219,37.8679351806641,1,0,regular,3
01550000,8152817,MARFC,-77.0336761474609,41.4181823730469,1,0,regular,3
01605500,8423458,MARFC,-79.3267364501953,38.6407585144043,1,0,regular,3
02027000,8547581,MARFC,-78.9748992919922,37.7255706787109,1,0,regular,3
01601000,14362658,MARFC,-78.716926574707,39.8122062683105,1,0,regular,3
01558000,4682638,MARFC,-78.1487655639648,40.6162796020508,1,0,regular,3
01440000,4151302,MARFC,-74.95703125,41.1045455932617,1,0,regular,3
01639500,8449082,MARFC,-77.2347412109375,39.611255645752,1,0,regular,3
01539000,2603023,MARFC,-76.4312286376953,41.0785980224609,1,0,regular,3
01580000,4726301,MARFC,-76.3981475830078,39.6296463012695,1,0,regular,3
01610155,8431622,MARFC,-78.3400497436523,39.6524429321289,1,0,regular,3
01367500,6206824,NERFC,-74.0672454833984,41.8477210998535,1,0,regular,3
01372500,6212050,NERFC,-73.8717346191406,41.6570587158203,1,0,regular,3
01409810,9454449,MARFC,-74.5508728027344,39.6922569274902,0,0,regular,3
01447720,4185779,MARFC,-75.6058959960938,41.0869483947754,1,0,regular,3
01439500,4153168,MARFC,-75.0337219238281,41.0874862670898,1,0,regular,3
01473000,4782107,MARFC,-75.4523696899414,40.2274284362793,1,0,regular,3
01391500,6250666,MARFC,-74.0889892578125,40.8747177124023,1,0,regular,3
01609000,8431428,MARFC,-78.5534744262695,39.5549392700195,1,0,regular,3
01510000,9420683,MARFC,-75.8990478515625,42.5484580993652,1,0,regular,3
01400000,9513840,MARFC,-74.6777114868164,40.5651054382324,1,0,regular,3
01669520,8457352,MARFC,-76.6958389282227,37.6306304931641,0,0,regular,3
01505000,9420985,MARFC,-75.5106048583984,42.6814155578613,1,0,regular,3
01397000,9513836,MARFC,-74.8750457763672,40.5795249938965,1,0,regular,3
01532000,4199144,MARFC,-76.4862213134766,41.7081604003906,1,0,regular,3
02013000,8525587,MARFC,-80.0420989990234,37.8111190795898,1,0,regular,3
01534000,4196160,MARFC,-75.9031524658203,41.5515441894531,1,0,regular,3
01644000,4507266,MARFC,-77.5834197998047,39.0187377929688,1,0,regular,3
01556000,4684242,MARFC,-78.2079620361328,40.4714508056641,1,0,regular,3
01387500,6246322,MARFC,-74.1604461669922,41.0999870300293,1,0,regular,3
01564500,4699877,MARFC,-77.9219284057617,40.210018157959,1,0,regular,3
01543000,8127529,MARFC,-78.1903915405273,41.4225120544434,1,0,regular,3
02030500,8547583,MARFC,-78.3600387573242,37.7109565734863,1,0,regular,3
01321000,22297114,NERFC,-74.2784805297852,43.3523979187012,1,0,snowy,0
01616500,5894384,MARFC,-77.9368362426758,39.4158325195312,1,0,regular,3
01481000,4652052,MARFC,-75.5965805053711,39.8645286560059,1,0,regular,3
01571500,4709484,MARFC,-76.8852996826172,40.2142486572266,1,0,regular,3
01613525,5892862,MARFC,-78.0416717529297,39.675609588623,1,0,regular,3
01664000,8465429,MARFC,-77.8150939941406,38.5304336547852,1,0,regular,3
01470500,4779167,MARFC,-75.9887847900391,40.5272369384766,1,0,regular,3
02017500,8525659,MARFC,-80.107307434082,37.5066337585449,1,0,regular,3
01343060,22741265,NERFC,-74.9588165283203,43.3676109313965,1,0,regular,3
01423000,2613578,MARFC,-75.1410675048828,42.158878326416,1,0,regular,3
01465500,4480911,MARFC,-74.956787109375,40.1756706237793,1,0,regular,3
01573000,4708726,MARFC,-76.5767517089844,40.4030723571777,1,0,regular,3
01502500,8086663,MARFC,-75.4025344848633,42.3752403259277,1,0,regular,3
01606000,8423282,MARFC,-79.24755859375,38.9848861694336,1,0,regular,3
01568000,4710668,MARFC,-77.1637420654297,40.3297233581543,1,0,regular,3
02014000,8525619,MARFC,-80.0414276123047,37.7282028198242,1,0,regular,3
01544500,8134650,MARFC,-77.8289566040039,41.4701538085938,1,0,regular,3
01552000,8152257,MARFC,-76.9190902709961,41.3381576538086,1,0,regular,3
01555000,4520418,MARFC,-77.0537796020508,40.8701629638672,1,0,regular,3
01566000,4697481,MARFC,-77.4254379272461,40.5093040466309,1,0,regular,3
01611500,8431736,MARFC,-78.3147277832031,39.582691192627,1,0,regular,3
01548500,8144622,MARFC,-77.4485015869141,41.5240631103516,1,0,regular,3
01115630,6129235,NERFC,-71.6290588378906,41.6256561279297,1,0,regular,3
01116905,6129219,NERFC,-71.4707946777344,41.6338958740234,1,0,regular,3
01117468,6140842,NERFC,-71.6244583129883,41.4764938354492,1,0,regular,3
01047200,3323262,NERFC,-70.4808731079102,44.8622131347656,1,0,regular,3
01135300,4572307,NERFC,-72.0346908569336,44.4268684387207,1,0,regular,3
01069700,5844484,NERFC,-70.5723495483398,43.3705596923828,1,0,regular,3
01105933,5878911,NERFC,-70.9866409301758,41.6236534118652,1,0,regular,3
01123000,6162981,NERFC,-72.0505905151367,41.6811256408691,1,0,regular,3
01073000,5845058,NERFC,-70.9618148803711,43.1523246765137,1,0,regular,3
01198000,7709954,NERFC,-73.3788070678711,42.1790428161621,1,0,regular,3
01150900,6089027,NERFC,-72.763557434082,43.6313629150391,1,0,regular,3
01117800,6139996,NERFC,-71.7211227416992,41.5733833312988,1,0,regular,3
01117370,6140308,NERFC,-71.564582824707,41.5413818359375,1,0,regular,3
01121000,6162583,NERFC,-72.1656265258789,41.8125305175781,1,0,regular,3
01057000,6711893,NERFC,-70.5391540527344,44.2995834350586,1,0,regular,3
01077400,6730525,NERFC,-71.8230056762695,43.6977081298828,1,0,regular,3
01174565,7690043,NERFC,-72.3823547363281,42.4576835632324,1,0,regular,3
01134500,4570675,NERFC,-71.8391418457031,44.510311126709,1,0,regular,3
01067950,5845376,NERFC,-70.5698547363281,43.449047088623,1,0,regular,3
01055000,6709987,NERFC,-70.5914840698242,44.6455154418945,1,0,regular,3
01052500,19334265,NERFC,-71.0617446899414,44.8789443969727,1,0,regular,3
01187300,6105951,NERFC,-72.9379730224609,42.0344619750977,1,0,regular,3
01203805,7713138,NERFC,-73.2158889770508,41.5638275146484,1,0,regular,3
01031510,1722933,NERFC,-69.2486724853516,45.1527519226074,1,0,regular,3
01037380,2685414,NERFC,-69.0574569702148,44.3267822265625,1,0,regular,3
01048220,3320218,NERFC,-69.6295013427734,44.9700965881348,1,0,regular,3
01142500,6083547,NERFC,-72.6630325317383,43.9358596801758,1,0,regular,3
01115187,6128661,NERFC,-71.7051391601562,41.8189544677734,1,0,regular,3
01100600,6745188,NERFC,-71.2223968505859,42.5577812194824,1,0,regular,3
01162500,9343363,NERFC,-72.117546081543,42.6887245178223,1,0,regular,3
01021480,2676222,NERFC,-67.7342910766602,44.933536529541,1,0,regular,3
01054300,6710239,NERFC,-70.7322387695312,44.5934524536133,1,0,regular,3
01194000,7702612,NERFC,-72.3347778320312,41.4360885620117,1,0,regular,3
01101000,5860613,NERFC,-70.9518127441406,42.7557983398438,1,0,regular,3
01193500,7700458,NERFC,-72.449836730957,41.5522727966309,1,0,regular,3
01194500,7702618,NERFC,-72.3281097412109,41.4275093078613,1,0,regular,3
012035055,7717056,NERFC,-73.2765579223633,41.4076385498047,1,0,regular,3
01139000,4573927,NERFC,-72.0593338012695,44.1492614746094,1,0,regular,3
01171500,6781041,NERFC,-72.667121887207,42.3214569091797,1,0,regular,3
01170100,10294622,NERFC,-72.6708145141602,42.7067108154297,1,0,regular,3
01137500,4594599,NERFC,-71.6176452636719,44.2652435302734,1,0,regular,3
01082000,6764084,NERFC,-71.952018737793,42.8658676147461,1,0,regular,3
04296000,4599789,NERFC,-72.2719573974609,44.8666381835938,1,0,regular,3
01054200,6716129,NERFC,-70.9802093505859,44.3915367126465,1,0,regular,3
01044550,1032315,NERFC,-70.2334213256836,45.3084030151367,1,0,regular,3
01130000,4593015,NERFC,-71.4803619384766,44.6180877685547,1,0,regular,3
01074520,6728911,NERFC,-71.6551818847656,44.0493659973145,1,0,regular,3
01154000,10102844,NERFC,-72.4860000610352,43.1368026733398,1,0,regular,3
01169000,10294784,NERFC,-72.7160110473633,42.6447257995605,1,0,regular,3
010965852,6744642,NERFC,-71.357177734375,42.7848434448242,1,0,regular,3
01064801,9315863,NERFC,-71.2959213256836,43.8302955627441,1,0,regular,3
01118000,6140122,NERFC,-71.7155609130859,41.4998588562012,1,0,regular,3
01091000,6741162,NERFC,-71.6478500366211,43.0077590942383,1,0,regular,3
01201487,7716694,NERFC,-73.4059066772461,41.4763526916504,1,0,regular,3
01029200,1711010,NERFC,-68.6306304931641,46.1364860534668,1,0,regular,3
01046000,3318560,NERFC,-69.8802947998047,45.0667915344238,1,0,regular,3
01135500,4572379,NERFC,-72.0356826782227,44.367000579834,1,0,regular,3
01038000,5202858,NERFC,-69.5957260131836,44.217529296875,1,0,regular,3
01095220,6078267,NERFC,-71.7910003662109,42.410472869873,1,0,regular,3
01089100,6740400,NERFC,-71.4789199829102,43.217399597168,1,0,regular,3
01093852,6744326,NERFC,-71.7150573730469,42.8428115844727,1,0,regular,3
01027200,1702734,NERFC,-69.9944458007812,45.9355049133301,1,0,regular,3
01181000,6096297,NERFC,-72.8909301757812,42.2360916137695,1,0,regular,3
01096000,6076039,NERFC,-71.6598587036133,42.6348152160645,1,0,regular,3
01127500,6168318,NERFC,-72.1215057373047,41.5585708618164,1,0,regular,3
01078000,6731199,NERFC,-71.7482528686523,43.567512512207,1,0,regular,3
01200000,7712756,NERFC,-73.5270690917969,41.6607437133789,1,0,regular,3
01031300,1721977,NERFC,-69.5806427001953,45.2614326477051,1,0,regular,3
01105000,5867537,NERFC,-71.189811706543,42.1775665283203,1,0,regular,3
01208990,7731677,NERFC,-73.3923950195312,41.2892837524414,1,0,regular,3
01086000,6761776,NERFC,-71.7284469604492,43.2498245239258,1,0,regular,3
01197500,7710210,NERFC,-73.3559951782227,42.2339286804199,1,0,regular,3
01047000,3321976,NERFC,-69.9631576538086,44.874397277832,1,0,regular,3
01097000,6772217,NERFC,-71.4562606811523,42.4323425292969,1,0,regular,3
01108000,6126439,NERFC,-70.9731750488281,41.9395904541016,1,0,regular,3
01075000,6731257,NERFC,-71.6795349121094,43.9751319885254,1,0,regular,3
01064500,9316375,NERFC,-71.0990219116211,43.9884223937988,1,0,regular,3
01048000,3322258,NERFC,-69.9360656738281,44.7079048156738,1,0,regular,3
01031500,1722317,NERFC,-69.3307800292969,45.1726150512695,1,0,regular,3
01073500,5845142,NERFC,-70.9721527099609,43.1126174926758,1,0,regular,3
01010000,4289887,NERFC,-69.7085342407227,46.6985054016113,1,0,regular,3
01015800,805443,NERFC,-68.3697738647461,46.5217895507812,1,0,regular,3
01144000,6084505,NERFC,-72.416748046875,43.7053604125977,1,0,regular,3
01152500,9329460,NERFC,-72.3623123168945,43.387134552002,1,0,regular,3
01029500,1713454,NERFC,-68.5892486572266,45.7334289550781,1,0,regular,3
01013500,724696,NERFC,-68.5777053833008,47.2334671020508,1,0,slow,1
01011000,721640,NERFC,-69.0686340332031,47.0735549926758,1,0,regular,3
01030500,3923,NERFC,-68.2997589111328,45.5058059692383,1,0,regular,3
14138870,23736433,NWRFC,-122.013229370117,45.4714317321777,1,0,regular,3
12210900,23955904,NWRFC,-122.337226867676,48.8319435119629,1,0,regular,3
12137290,23963741,NWRFC,-121.634506225586,47.9525108337402,1,0,regular,3
12413125,23002228,NWRFC,-115.897315979004,47.4835510253906,1,0,snowy,0
12413130,23002252,NWRFC,-115.914619445801,47.4869117736816,1,0,snowy,0
14138800,23736071,NWRFC,-121.894996643066,45.4555549621582,1,0,regular,3
14138900,23736093,NWRFC,-122.033996582031,45.4983329772949,1,0,regular,3
14158790,23773393,NWRFC,-122.048904418945,44.337345123291,1,0,regular,3
13016305,24433101,NWRFC,-110.817665100098,43.6166877746582,1,0,snowy,0
12115500,24537972,NWRFC,-121.67707824707,47.3573951721191,1,0,regular,3
12120600,24538096,NWRFC,-122.00431060791,47.4575042724609,0,0,regular,3
14139800,23736041,NWRFC,-122.096939086914,45.4426078796387,1,0,regular,3
14161500,23773411,NWRFC,-122.24479675293,44.2190704345703,1,0,regular,3
12108500,23977660,NWRFC,-122.054550170898,47.2691268920898,0,0,regular,3
14211400,23815070,NWRFC,-122.43627166748,45.4951286315918,0,0,regular,3
12178100,24255169,NWRFC,-121.241386413574,48.6571044921875,1,0,regular,3
12117000,24537924,NWRFC,-121.848136901855,47.3871421813965,1,0,regular,3
13306385,23503302,NWRFC,-114.134185791016,45.2035484313965,1,0,snowy,0
14180300,23780557,NWRFC,-122.128173828125,44.6500053405762,1,0,regular,3
14036860,23822685,NWRFC,-118.576057434082,44.3576126098633,1,0,snowy,0
12323710,24293950,NWRFC,-112.893356323242,46.064567565918,1,0,snowy,0
14211500,23815066,NWRFC,-122.513275146484,45.4773941040039,0,0,regular,3
14219000,24241873,NWRFC,-122.337905883789,45.9430389404297,1,0,regular,3
14092750,23719653,NWRFC,-121.623207092285,44.7544670104981,1,0,regular,3
14150800,23752608,NWRFC,-122.682556152344,43.9117012023926,1,0,regular,3
14166500,23763161,NWRFC,-123.420364379883,44.043384552002,0,0,regular,3
14362250,23935979,NWRFC,-123.066497802734,42.1541061401367,1,0,snowy,0
12374250,24357005,NWRFC,-114.723983764648,47.8238868713379,1,0,snowy,0
12114500,24538014,NWRFC,-121.549186706543,47.3419799804688,1,0,regular,3
14316495,23894558,NWRFC,-122.53084564209,43.3103981018066,1,0,regular,3
12447390,24384943,NWRFC,-120.150108337402,48.8313255310059,1,0,snowy,0
12413370,23002082,NWRFC,-116.222290039062,47.475715637207,1,0,snowy,0
12024000,23850681,NWRFC,-122.661918640137,46.5852928161621,0,0,regular,3
12377150,24356265,NWRFC,-113.978515625,47.3232650756836,1,0,snowy,0
13162225,23284453,NWRFC,-115.426803588867,41.8962898254395,1,0,snowy,0
13346800,23460013,NWRFC,-117.021102905273,46.7323188781738,1,0,regular,3
12158040,23990053,NWRFC,-122.287124633789,48.0701179504395,0,0,regular,3
14113200,24504496,NWRFC,-121.381248474121,45.662467956543,1,0,snowy,0
14299800,23872135,NWRFC,-123.262878417969,45.8264389038086,0,0,regular,3
13334450,24227993,NWRFC,-117.28995513916,46.2768402099609,1,0,snowy,0
12179900,24255811,NWRFC,-121.397766113281,48.6027717590332,1,0,regular,3
12056500,24285534,NWRFC,-123.328720092773,47.5133209228516,1,0,regular,3
14141500,23735991,NWRFC,-122.161605834961,45.4148788452148,1,0,regular,3
12043000,23838568,NWRFC,-124.404052734375,47.9601135253906,0,0,regular,3
12010000,23864404,NWRFC,-123.723686218262,46.3811340332031,0,0,regular,3
12145500,23970215,NWRFC,-121.900535583496,47.5497093200684,1,0,regular,3
12143400,23970313,NWRFC,-121.584281921387,47.4117317199707,1,0,regular,3
14096850,23719315,NWRFC,-121.382148742676,44.9405860900879,1,0,regular,3
12025700,23850773,NWRFC,-122.598983764648,46.775749206543,1,0,regular,3
12381400,24356091,NWRFC,-113.829742431641,47.1928672790527,1,0,snowy,0
13297330,23478663,NWRFC,-114.51692199707,44.2716522216797,1,0,snowy,0
14158500,23773371,NWRFC,-121.997398376465,44.3504486083984,1,0,regular,3
14187000,23785723,NWRFC,-122.631042480469,44.3769073486328,1,0,regular,3
14315950,23894310,NWRFC,-122.430442810059,43.2126693725586,1,0,regular,3
14308500,23901535,NWRFC,-122.919731140137,42.8896484375,1,0,regular,3
14375100,23945295,NWRFC,-123.492530822754,42.1635475158691,1,0,snowy,0
12142000,23970575,NWRFC,-121.712699890137,47.6150894165039,1,0,regular,3
12330000,24310421,NWRFC,-113.228294372559,46.4580421447754,1,0,snowy,0
12095000,23980763,NWRFC,-122.131988525391,47.1290626525879,1,0,regular,3
14236200,24249034,NWRFC,-122.466430664063,46.5950508117676,1,0,regular,3
12054000,24287056,NWRFC,-123.017601013184,47.6828575134277,1,0,regular,3
12201500,24534294,NWRFC,-122.343353271484,48.5403099060059,1,0,regular,3
14308990,23901309,NWRFC,-123.127883911133,42.8227119445801,1,0,regular,3
12205000,23956418,NWRFC,-121.860763549805,48.9026832580566,1,0,regular,3
12043300,24001093,NWRFC,-124.378929138184,48.2465476989746,0,0,regular,3
12208000,23956170,NWRFC,-122.09391784668,48.776294708252,1,0,regular,3
13240000,24177409,NWRFC,-115.989692687988,44.9141960144043,1,0,snowy,0
12060500,24285572,NWRFC,-123.275169372559,47.346996307373,1,0,regular,3
12323670,24293902,NWRFC,-112.887474060059,46.0987243652344,1,0,snowy,0
12155300,24279094,NWRFC,-122.074584960938,47.9323310852051,0,0,regular,3
13083000,23184753,NWRFC,-113.973243713379,42.1703414916992,1,0,snowy,0
14222500,24241689,NWRFC,-122.475372314453,45.834659576416,1,0,regular,3
12390700,22976274,NWRFC,-115.356674194336,47.5879249572754,1,0,snowy,0
14020000,23648622,NWRFC,-118.325073242188,45.7177543640137,1,0,regular,3
12039005,23860867,NWRFC,-123.960060119629,47.2287979125977,0,0,regular,3
12013500,23864616,NWRFC,-123.664360046387,46.6492042541504,0,0,regular,3
14302480,23875839,NWRFC,-123.691337585449,45.4551124572754,0,0,regular,3
14309500,23901147,NWRFC,-123.616157531738,42.8016052246094,1,0,regular,3
12020000,23850487,NWRFC,-123.275535583496,46.621452331543,0,0,regular,3
12035000,23856727,NWRFC,-123.498825073242,47.0091590881348,0,0,regular,3
14013000,23637992,NWRFC,-118.11954498291,46.0107383728027,1,0,regular,3
14046890,23686446,NWRFC,-120.439727783203,44.9101257324219,0,0,snowy,0
12079000,23988204,NWRFC,-122.69945526123,46.853816986084,0,0,regular,3
12048000,23997388,NWRFC,-123.131118774414,48.0158843994141,1,0,regular,3
12175500,24255219,NWRFC,-121.06909942627,48.6666221618652,1,0,regular,3
12332000,24310031,NWRFC,-113.503623962402,46.1753234863281,1,0,snowy,0
12452890,23208194,NWRFC,-120.367263793945,47.7369384765625,1,0,snowy,0
14154500,23759452,NWRFC,-122.872329711914,43.7349510192871,1,0,regular,3
14185900,23786019,NWRFC,-122.436332702637,44.538932800293,1,0,regular,3
14316700,23894572,NWRFC,-122.731979370117,43.3456382751465,1,0,regular,3
14216500,24242219,NWRFC,-122.001777648926,46.0771713256836,1,0,regular,3
14318000,23894004,NWRFC,-123.025146484375,43.2509803771973,1,0,regular,3
12413875,23004793,NWRFC,-115.348419189453,47.0620346069336,1,0,snowy,0
12092000,23980479,NWRFC,-122.034759521484,46.9036293029785,1,0,regular,3
13011500,23123373,NWRFC,-110.518562316895,43.8505020141602,1,0,regular,3
13010065,23123539,NWRFC,-110.673812866211,44.1023902893066,1,0,regular,3
13348000,23459939,NWRFC,-117.173652648926,46.727970123291,1,0,regular,3
14301500,23875925,NWRFC,-123.723533630371,45.4766807556152,0,0,regular,3
14306500,23886298,NWRFC,-123.847267150879,44.392162322998,0,0,regular,3
12210000,23956008,NWRFC,-122.162963867187,48.6768989562988,1,0,regular,3
13239000,24177467,NWRFC,-116.11026763916,44.9008636474609,1,0,snowy,1
14185000,23785793,NWRFC,-122.496025085449,44.3928184509277,1,0,regular,3
12097500,23981161,NWRFC,-121.627304077148,47.1520690917969,1,0,regular,3
12488500,24422913,NWRFC,-121.192741394043,46.9725303649902,1,0,snowy,0
12354000,22937058,NWRFC,-115.139709472656,47.2964096069336,1,0,snowy,0
12456500,23080732,NWRFC,-120.659797668457,47.8375854492188,1,0,snowy,0
14137000,23735819,NWRFC,-122.130477905273,45.3905220031738,1,0,regular,3
14179000,23780701,NWRFC,-122.128051757813,44.7524070739746,1,0,regular,3
12182500,24254981,NWRFC,-121.418106079102,48.5250968933105,1,0,regular,3
14325000,23914567,NWRFC,-124.069366455078,42.890380859375,0,0,regular,3
12141300,23970363,NWRFC,-121.648712158203,47.4856071472168,1,0,regular,3
14216000,24241981,NWRFC,-121.985038757324,46.0605239868164,1,0,regular,3
14308000,23901573,NWRFC,-122.947418212891,42.9300842285156,1,0,regular,3
12082500,24282122,NWRFC,-122.091720581055,46.7515716552734,1,0,regular,3
14020300,23648490,NWRFC,-118.358505249023,45.6888732910156,1,0,regular,3
14178000,23780591,NWRFC,-122.098236083984,44.7066802978516,1,0,regular,3
14182500,23780805,NWRFC,-122.584228515625,44.7901077270508,1,0,regular,3
13313000,23551584,NWRFC,-115.48876953125,44.9364471435547,1,0,snowy,0
12392155,22977134,NWRFC,-116.186470031738,48.1501007080078,1,0,snowy,0
14305500,23880874,NWRFC,-123.886360168457,44.7148551940918,0,0,regular,3
14357500,947100124,NWRFC,-122.870124816895,42.3281021118164,1,0,snowy,1
10396000,24013585,NWRFC,-118.867111206055,42.7872581481934,1,0,snowy,0
13011900,23123209,NWRFC,-110.440353393555,43.8370666503906,1,0,snowy,0
14107000,23663381,NWRFC,-121.244697570801,46.2622604370117,1,0,snowy,0
14226500,23744100,NWRFC,-121.67081451416,46.6161499023438,1,0,regular,3
12451000,23073999,NWRFC,-120.692512512207,48.3301696777344,1,0,snowy,0
13331500,23436993,NWRFC,-117.729545593262,45.6090202331543,1,0,snowy,0
14316455,23894292,NWRFC,-122.511383056641,43.3057632446289,1,0,regular,3
14159200,23773035,NWRFC,-122.21809387207,44.0475654602051,1,0,regular,3
12167000,24274653,NWRFC,-122.038024902344,48.2598609924316,1,0,regular,3
12458000,23081224,NWRFC,-120.721168518066,47.5412139892578,1,0,snowy,0
14400000,23949601,NWRFC,-124.185340881348,42.1266174316406,0,0,snowy,0
12452800,23208058,NWRFC,-120.414070129395,47.8123970031738,1,0,snowy,0
12039500,23844703,NWRFC,-123.899124145508,47.4562225341797,1,0,regular,3
13237920,24164073,NWRFC,-115.986511230469,44.1071166992188,1,0,snowy,0
12447383,24383455,NWRFC,-120.388130187988,48.5762939453125,1,0,snowy,0
12094000,23980639,NWRFC,-122.044715881348,47.0577392578125,1,0,regular,3
12186000,24264875,NWRFC,-121.472785949707,48.1700134277344,1,0,regular,3
12324590,24294294,NWRFC,-112.788307189941,46.5208740234375,1,0,snowy,0
13046995,23141955,NWRFC,-111.143867492676,44.0636901855469,1,0,snowy,0
13217500,23412937,NWRFC,-118.155494689941,43.9026184082031,1,0,snowy,1
14242580,24248524,NWRFC,-122.844123840332,46.3346214294434,1,0,regular,3
13339500,23606608,NWRFC,-116.154350280762,46.3708877563477,1,0,snowy,0
13148500,23266994,NWRFC,-114.000152587891,43.3883209228516,1,0,snowy,1
12411000,24373072,NWRFC,-115.976005554199,47.7046852111816,1,0,snowy,0
13310700,23551284,NWRFC,-115.724502563477,44.9920616149902,1,0,snowy,0
14307620,23889518,NWRFC,-123.875434875488,44.0730972290039,0,0,regular,3
13023000,24432173,NWRFC,-110.963325500488,43.1420516967773,1,0,regular,3
12424000,23017906,NWRFC,-117.451889038086,47.653881072998,1,0,regular,3
14301000,23871899,NWRFC,-123.759086608887,45.7064399719238,0,0,regular,3
13161500,23287111,NWRFC,-115.675338745117,41.9320869445801,1,0,snowy,0
12040500,23844955,NWRFC,-124.316116333008,47.534496307373,1,0,regular,3
13235000,24158523,NWRFC,-115.618896484375,44.0814323425293,1,0,snowy,0
12304500,22900496,NWRFC,-115.95182800293,48.5672645568848,1,0,snowy,0
13139510,23251191,NWRFC,-114.324096679688,43.5207939147949,1,0,snowy,0
12134500,23963021,NWRFC,-121.664649963379,47.8352584838867,1,0,regular,3
12395000,22988591,NWRFC,-116.913291931152,48.2045516967773,1,0,snowy,0
13296500,23478743,NWRFC,-114.728858947754,44.2655029296875,1,0,snowy,0
12370000,24349942,NWRFC,-113.971084594727,48.0393257141113,1,0,snowy,0
12041200,23838194,NWRFC,-124.259750366211,47.7977256774902,1,0,regular,3
13185000,23382201,NWRFC,-115.730316162109,43.6539993286133,1,0,snowy,0
12302055,22893139,NWRFC,-115.3125,48.3543395996094,1,0,snowy,0
13215000,23413305,NWRFC,-118.208190917969,43.5733985900879,1,0,snowy,1
13266000,24184848,NWRFC,-116.771797180176,44.2704772949219,1,0,snowy,0
12359800,22965282,NWRFC,-113.561958312988,47.98095703125,1,0,snowy,0
13186000,23386623,NWRFC,-115.308044433594,43.493824005127,1,0,snowy,0
14033500,23647724,NWRFC,-119.32642364502,45.8984107971191,1,0,snowy,1
13309220,23518785,NWRFC,-115.017517089844,44.7297248840332,1,0,snowy,0
13340600,23630350,NWRFC,-115.618515014648,46.8402099609375,1,0,snowy,0
13338500,23597191,NWRFC,-115.976211547852,46.0866661071777,1,0,snowy,0
12358500,22957049,NWRFC,-114.00944519043,48.4957504272461,1,0,snowy,0
13190500,23386379,NWRFC,-115.474258422852,43.3463859558105,1,0,snowy,1
13337000,23588130,NWRFC,-115.582778930664,46.1553039550781,1,0,snowy,0
13247500,24166566,NWRFC,-116.195411682129,43.9399566650391,1,0,snowy,1
12363000,947010306,NWRFC,-114.196830749512,48.3588562011719,1,0,snowy,1
13032500,24438932,NWRFC,-111.225288391113,43.3555297851562,1,0,snowy,1
13336500,23580627,NWRFC,-115.508163452148,46.0871315002441,1,0,snowy,0
13233300,24143926,NWRFC,-117.212394714355,43.9893264770508,1,0,snowy,1
13037500,24451737,NWRFC,-111.659423828125,43.6134643554688,1,0,snowy,1
10259000,22592131,CNRFC,-116.548934936523,33.7605094909668,0,0,regular,3
11525530,8246406,CNRFC,-122.840347290039,40.7499580383301,1,0,snowy,0
11180900,2803935,CNRFC,-122.040054321289,37.7115135192871,0,0,regular,3
NFW,17115031,CNRFC,-119.560882568359,37.3897514343262,1,0,snowy,0
11120500,17596109,CNRFC,-119.808296203613,34.4638442993164,0,0,regular,3
11284400,17078425,CNRFC,-120.181777954102,37.8417930603027,0,0,regular,3
10258000,22593497,CNRFC,-116.571159362793,33.7992286682129,1,0,snowy,0
MPD,948010105,CNRFC,-122.454521179199,41.4689254760742,1,0,regular,3
11180500,2804369,CNRFC,-122.029441833496,37.5995941162109,0,0,regular,3
11141280,8193647,CNRFC,-120.47412109375,35.2392234802246,0,0,regular,3
11525670,8245912,CNRFC,-122.915031433105,40.6454772949219,1,0,snowy,0
11203580,14930711,CNRFC,-118.657485961914,36.044246673584,1,0,snowy,0
10263500,22684930,CNRFC,-117.838989257812,34.4188079833984,1,0,regular,3
11299600,348419,CNRFC,-120.614608764648,37.9656143188477,0,0,regular,3
11055800,22555756,CNRFC,-117.188507080078,34.144229888916,0,0,regular,3
11098000,22514774,CNRFC,-118.179809570312,34.225830078125,0,0,regular,3
LCB,8060547,CNRFC,-121.052574157715,39.4471206665039,1,0,regular,3
10259200,22592497,CNRFC,-116.391761779785,33.6364326477051,0,0,regular,3
11467200,8271049,CNRFC,-123.070343017578,38.5050201416016,0,0,regular,3
11476600,8284190,CNRFC,-124.004089355469,40.3506164550781,0,0,regular,3
11046360,20350869,CNRFC,-117.569633483887,33.4232025146484,0,0,regular,3
11449500,948020963,CNRFC,-122.842933654785,38.9308853149414,0,0,regular,3
SFH,8053903,CNRFC,-121.374038696289,39.3644485473633,0,0,regular,3
11200800,14934716,CNRFC,-118.817993164062,35.9395637512207,1,0,snowy,0
11129800,17607773,CNRFC,-120.183296203613,34.6463813781738,0,0,regular,3
11015000,20334440,CNRFC,-116.642059326172,32.8375625610352,0,0,regular,3
11063510,22557744,CNRFC,-117.46696472168,34.2552528381348,0,0,regular,3
11114495,17585808,CNRFC,-119.356399536133,34.5023193359375,0,0,regular,3
11162570,17687965,CNRFC,-122.391845703125,37.3217849731445,0,0,regular,3
10257600,22590267,CNRFC,-116.626930236816,34.0105361938477,1,0,regular,3
11521500,4440524,CNRFC,-123.384346008301,41.8421669006348,1,0,snowy,0
11143000,8189809,CNRFC,-121.773338317871,36.2456817626953,0,0,regular,3
11481200,8315847,CNRFC,-124.076904296875,41.0100936889648,0,0,regular,3
STO,17078519,CNRFC,-120.010696411133,37.8212471008301,1,0,regular,3
11456000,1670127,CNRFC,-122.419052124023,38.4839935302734,0,0,regular,3
11451100,8005975,CNRFC,-122.62003326416,39.1657524108887,0,0,regular,3
11046300,20351605,CNRFC,-117.470169067383,33.4710235595703,0,0,regular,3
11468500,2665525,CNRFC,-123.736999511719,39.4279937744141,0,0,regular,3
11253310,14882615,CNRFC,-120.427726745605,36.3952941894531,0,0,regular,3
11111500,17567911,CNRFC,-119.261085510254,34.5705947875977,1,0,regular,3
11014000,20334508,CNRFC,-116.880561828613,32.6406860351562,0,0,regular,3
11042400,22549471,CNRFC,-116.921127319336,33.4597015380859,0,0,regular,3
CHC,1685035,CNRFC,-121.773780822754,39.4216194152832,0,0,regular,3
11224500,14883269,CNRFC,-120.467864990234,36.2171363830566,0,0,regular,3
11172945,2809681,CNRFC,-121.769577026367,37.4984397888184,0,0,regular,3
11523200,8242324,CNRFC,-122.706932067871,41.1078109741211,1,0,snowy,0
11481500,8319319,CNRFC,-123.811813354492,40.9059867858887,1,0,regular,3
11162500,17688105,CNRFC,-122.33031463623,37.2602500915527,0,0,regular,3
10258500,22593537,CNRFC,-116.535835266113,33.7497978210449,0,0,regular,3
11402000,8027910,CNRFC,-120.947204589844,40.0071563720703,1,0,snowy,0
11458000,1669113,CNRFC,-122.300598144531,38.3612594604492,0,0,regular,3
SMW,21610403,CNRFC,-119.673477172852,37.5441703796387,1,0,snowy,0
11173200,2809859,CNRFC,-121.764350891113,37.4566612243652,0,0,regular,3
MCD,7960779,CNRFC,-122.064521789551,41.1860542297363,1,0,regular,3
11461000,8269099,CNRFC,-123.195594787598,39.196704864502,0,0,regular,3
MCK,19777237,CNRFC,-120.461410522461,37.3078460693359,0,0,regular,3
LCV,17152974,CNRFC,-119.028030395508,36.4508438110352,0,0,regular,3
11480390,8320019,CNRFC,-123.335655212402,40.2849349975586,1,0,regular,3
11124500,17611425,CNRFC,-119.911399841309,34.5943641662598,0,0,regular,3
11169800,17694891,CNRFC,-121.494300842285,37.0775833129883,0,0,regular,3
11475800,8287256,CNRFC,-123.71565246582,39.8716735839844,0,0,regular,3
11274630,2827982,CNRFC,-121.195304870605,37.4935607910156,0,0,regular,3
CMF,20195334,CNRFC,-120.717483520508,38.6201858520508,1,0,regular,3
RBW,7994715,CNRFC,-122.604400634766,39.3708076477051,1,0,regular,3
PDR,14907219,CNRFC,-119.345825195312,36.818920135498,0,0,regular,3
11148900,8209949,CNRFC,-121.102478027344,35.7882194519043,0,0,regular,3
11374000,2495212,CNRFC,-122.228218078613,40.507884979248,1,0,regular,3
DCM,2823920,CNRFC,-120.921783447266,37.6572456359863,0,0,regular,3
11468900,2546355,CNRFC,-123.991226196289,40.1394920349121,0,0,regular,3
11383500,8020924,CNRFC,-121.89616394043,40.0201148986816,1,0,snowy,0
11467510,8280869,CNRFC,-123.431793212891,38.7147026062012,0,0,regular,3
11151300,8205487,CNRFC,-121.063568115234,36.2613945007324,0,0,regular,3
11274790,17081597,CNRFC,-119.658126831055,37.9166374206543,1,0,snowy,0
11264500,21609533,CNRFC,-119.558853149414,37.7364234924316,1,0,snowy,0
11176400,2806807,CNRFC,-121.675689697266,37.5562629699707,0,0,regular,3
11152000,8205291,CNRFC,-121.318984985352,36.279712677002,0,0,regular,3
11532500,22226812,CNRFC,-124.079948425293,41.7923126220703,0,0,regular,3
11381500,8019544,CNRFC,-122.018928527832,40.0547256469727,1,0,snowy,0
11468000,2665613,CNRFC,-123.669418334961,39.1716957092285,0,0,regular,3
CNF,20195536,CNRFC,-120.842178344727,38.5912170410156,1,0,regular,3
11118500,948070372,CNRFC,-119.303665161133,34.3503684997559,0,0,regular,3
11413000,8058675,CNRFC,-120.955070495605,39.5240669250488,1,0,snowy,0
TRR,14922321,CNRFC,-118.905059814453,36.4406890869141,1,0,snowy,0
MSS,7962651,CNRFC,-122.227745056152,40.9551811218262,1,0,regular,3
11274500,2828012,CNRFC,-121.119476318359,37.3208274841309,0,0,regular,3
CLV,8271445,CNRFC,-123.046279907227,38.876277923584,0,0,regular,3
11147500,8212843,CNRFC,-120.685020446777,35.6292114257812,0,0,regular,3
11522500,8261865,CNRFC,-123.483673095703,41.3778419494629,1,0,snowy,0
11023000,20331516,CNRFC,-117.166572570801,32.7656326293945,0,0,regular,3
11528700,8232392,CNRFC,-123.49674987793,40.6527633666992,1,0,snowy,0
ICR,8027088,CNRFC,-120.962005615234,40.0576934814453,1,0,regular,3
JBR,8060983,CNRFC,-121.100044250488,39.2934799194336,1,0,regular,3
EVA,8307546,CNRFC,-123.114944458008,39.389835357666,1,0,regular,3
11335000,20192498,CNRFC,-121.045372009277,38.5002555847168,1,0,snowy,0
11473900,8295207,CNRFC,-123.324615478516,39.7068519592285,1,0,regular,3
MFP,948020312,CNRFC,-120.452323913574,39.8147354125977,1,0,regular,3
11478500,2705477,CNRFC,-123.894760131836,40.4826965332031,1,0,regular,3
11138500,17625379,CNRFC,-120.166015625,34.8411178588867,0,0,regular,3
11467000,8272725,CNRFC,-122.924209594727,38.510856628418,0,0,regular,3
11481000,8316811,CNRFC,-124.066215515137,40.9141120910645,1,0,regular,3
CDR,2848237,CNRFC,-122.063095092773,39.1980895996094,0,0,regular,3
RCS,2858177,CNRFC,-121.72566986084,38.7986679077148,0,0,regular,3
04280450,10313430,NERFC,-73.2803268432617,43.455493927002,1,0,regular,3
04293000,4590253,NERFC,-72.3888778686523,44.963924407959,1,0,regular,3
04282000,22221703,NERFC,-73.0087051391602,43.6027183532715,1,0,regular,3
04286000,4577918,NERFC,-72.5903015136719,44.2603454589844,1,0,regular,3
04288000,4577590,NERFC,-72.7329864501953,44.280158996582,1,0,regular,3
04293500,4590283,NERFC,-72.697509765625,44.950252532959,1,0,regular,3
04282525,22220425,NERFC,-73.164192199707,44.0629043579102,1,0,regular,3
04282500,22220605,NERFC,-73.1805038452148,44.0345726013184,1,0,snowy,0
04292000,4586326,NERFC,-72.6757202148438,44.6223793029785,1,0,regular,3
04275000,9527941,NERFC,-73.6808624267578,44.4377250671387,1,0,regular,3
04282650,22220501,NERFC,-73.23828125,44.1951713562012,1,0,regular,3
04282780,22220497,NERFC,-73.2445373535156,44.2466773986816,1,0,regular,3
04273800,9527387,NERFC,-73.4688262939453,44.5927543640137,1,0,regular,3
04273700,9527383,NERFC,-73.4793548583984,44.6404647827148,1,0,regular,3
04074950,9027875,NCRFC,-88.73779296875,45.191333770752,1,0,regular,3
04180988,15672195,OHRFC,-84.6502227783203,40.7027549743652,1,0,regular,3
04060993,14446262,NCRFC,-88.3192291259766,45.9635124206543,1,0,regular,3
04063700,6844165,NCRFC,-88.4685745239258,45.760570526123,1,0,regular,3
04115265,12232338,NCRFC,-84.9823226928711,43.2510643005371,1,0,regular,3
04080000,9035351,NCRFC,-88.8607788085938,44.4082946777344,1,0,regular,3
04114498,12242422,NCRFC,-84.76318359375,42.8276596069336,1,0,snowy,0
04189000,15644224,OHRFC,-83.6867141723633,41.0560150146484,1,0,regular,3
04117500,12145042,NCRFC,-85.2380981445312,42.6154441833496,1,0,regular,3
04233286,21983581,NERFC,-76.3976821899414,42.3810653686523,1,0,regular,3
04073365,6866997,NCRFC,-89.1243743896484,43.8578109741211,1,0,slow,1
02DC012,41007693,Canada,-80.46333,46.97139,1,0,snowy,0
04104945,3473093,NCRFC,-85.1331787109375,42.3970565795898,1,0,regular,3
04040500,11930606,NCRFC,-88.5823059082031,46.5838165283203,1,0,regular,3
04146063,13016443,NCRFC,-83.3506088256836,43.1553268432617,1,0,snowy,0
04067958,904030532,NCRFC,-88.3039703369141,45.3884773254395,1,0,regular,3
04105700,3473077,NCRFC,-85.3584213256836,42.3792533874512,1,0,regular,3
04234000,21983115,NERFC,-76.4475708007812,42.4546508789062,1,0,regular,3
04152238,13047081,NCRFC,-84.5488510131836,43.8628387451172,1,0,regular,3
04136000,12952772,NCRFC,-84.280632019043,44.6778755187988,1,0,snowy,0
02CF011,41009936,Canada,-81.00925,46.68544,1,0,snowy,0
04033000,11951527,NCRFC,-89.0816497802734,46.3606338500977,1,0,regular,3
04144500,13029183,NCRFC,-84.1808547973633,43.0159873962402,1,0,regular,3
04124000,12121104,NCRFC,-85.687629699707,44.4367523193359,1,0,regular,3
04100500,12261362,NCRFC,-85.8449859619141,41.5920829772949,1,0,snowy,0
04066500,6847893,NCRFC,-87.9851531982422,45.4960556030273,1,0,regular,3
04148140,13016537,NCRFC,-83.5778732299805,43.029239654541,1,0,snowy,0
02AD010,41034617,Canada,-87.96389,49.60278,1,0,snowy,0
02EA018,41016100,Canada,-79.28778,45.55472,1,0,snowy,0
04124500,12121188,NCRFC,-85.5139541625977,44.1094665527344,1,0,regular,3
04057800,11959338,NCRFC,-87.8691711425781,46.4959449768066,1,0,regular,3
04185000,15662050,OHRFC,-84.4335632324219,41.5046463012695,1,0,regular,3
02EB014,41016825,Canada,-78.98944,45.31194,1,0,snowy,0
04221000,15550135,NERFC,-77.9558029174805,42.1224098205566,1,0,regular,3
04118500,9004023,NCRFC,-85.5914840698242,43.0823249816895,1,0,regular,3
02BF002,41047141,Canada,-83.97194,46.86083,1,0,snowy,0
04086500,12162520,NCRFC,-87.9798736572266,43.3289833068848,1,0,regular,3
04101370,12264832,NCRFC,-86.2424774169922,41.7182922363281,1,0,snowy,0
04031000,6790991,NCRFC,-90.0911102294922,46.5185852050781,1,0,regular,3
04252500,15515318,NERFC,-75.3117904663086,43.514476776123,1,0,regular,3
04027000,1815879,NCRFC,-90.6957626342774,46.4903030395508,1,0,regular,3
04045500,12186641,NCRFC,-85.2758865356445,46.5722503662109,1,0,slow,1
02BC006,41044019,Canada,-85.730528,48.16028,1,0,snowy,0
04127997,12502977,NCRFC,-84.6057357788086,45.2849655151367,1,0,regular,3
04043244,12025464,NCRFC,-87.8517532348633,46.794620513916,1,0,regular,3
02BB003,41040675,Canada,-86.29694,48.77389,1,0,snowy,0
04043050,11937201,NCRFC,-88.3849029541016,47.229320526123,1,0,regular,3
04159492,13193844,NCRFC,-82.6152420043945,43.1368637084961,1,0,regular,3
02FE008,41021564,Canada,-81.30695,43.81278,1,0,regular,3
02AB021,41041500,Canada,-89.24084,48.5625,1,0,snowy,0
04127800,13055958,NCRFC,-85.0972061157227,45.1015701293945,1,0,regular,3
04122500,8992044,NCRFC,-86.2593612670898,43.9421691894531,1,0,regular,3
04043150,12027144,NCRFC,-88.3237838745117,46.8011054992676,1,0,regular,3
04126970,13057812,NCRFC,-85.4224548339844,44.6694068908691,1,0,regular,3
02BA003,41040077,Canada,-86.60722,48.84917,1,0,snowy,0
04024430,1799897,NCRFC,-92.0969390869141,46.640998840332,1,0,regular,3
02ED003,41019963,Canada,-79.82139,44.24972,1,0,regular,3
04122200,904060094,NCRFC,-86.2353897094727,43.4588088989258,1,0,regular,3
02AC001,41040015,Canada,-88.53528,48.82195,1,0,snowy,0
04015330,1757696,NCRFC,-91.7871017456055,46.9469451904297,1,0,regular,3
04142000,12944890,NCRFC,-84.0187149047852,44.0719375610352,1,0,regular,3
02FA004,41019038,Canada,-81.17778,44.53556,1,0,regular,3
04056500,12222392,NCRFC,-86.1559753417969,46.0313186645508,1,0,regular,3
04085200,13064729,NCRFC,-87.5632171630859,44.4714698791504,1,0,regular,3
04059500,6860182,NCRFC,-87.1916885375977,45.7497138977051,1,0,regular,3
04057510,272589,NCRFC,-86.706672668457,45.9161186218262,1,0,regular,3
02FF007,41021971,Canada,-81.58945,43.55139,1,0,regular,3
04256000,15514388,NERFC,-75.3258361816406,43.7499198913574,1,0,regular,3
04085427,12173792,NCRFC,-87.7165451049805,44.0976791381836,1,0,regular,3
04046000,12214445,NCRFC,-85.3591461181641,46.1039695739746,1,0,regular,3
02FB007,41019129,Canada,-80.93027,44.52222,1,0,regular,3
02FD001,41020978,Canada,-81.72583,44.09472,1,0,regular,3
04216418,15569391,NERFC,-78.2798538208008,42.855640411377,1,0,regular,3
04262500,15491848,NERFC,-75.3219451904297,44.1800346374512,1,0,regular,3
04161540,13184576,NCRFC,-83.1346206665039,42.6834182739258,1,0,regular,3
04196800,15613832,OHRFC,-83.3478546142578,40.9236946105957,1,0,regular,3
04163400,13184590,NCRFC,-83.0590896606445,42.6016006469727,1,0,regular,3
04242500,22023328,NERFC,-75.6278305053711,43.297550201416,1,0,regular,3
04217000,15568739,NERFC,-78.1888732910156,42.9907341003418,1,0,regular,3
04224775,15547935,NERFC,-77.7042922973633,42.5349731445312,1,0,regular,3
04164500,13183064,NCRFC,-82.8959197998047,42.6255912780762,1,0,regular,3
04243500,22024054,NERFC,-75.6545562744141,43.1086196899414,1,0,regular,3
02GB007,41002253,Canada,-80.1546,43.1474,1,0,regular,3
02GG003,41004257,Canada,-82.00833,42.65055,1,0,regular,3
04197100,15612400,OHRFC,-83.1052932739258,41.0199928283691,1,0,regular,3
04166000,10848598,NCRFC,-83.2258758544922,42.5574836730957,1,0,regular,3
02GH002,41004954,Canada,-82.62917,42.21139,1,0,regular,3
04197170,15612196,OHRFC,-83.1586456298828,41.1079635620117,1,0,regular,3
04213500,15582369,NERFC,-78.9213256835938,42.4555473327637,1,0,regular,3
04207200,15587092,OHRFC,-81.5392227172852,41.3856658935547,1,0,regular,3
04215000,15574737,NERFC,-78.65478515625,42.8895568847656,1,0,regular,3
02GC002,41003721,Canada,-81.21416,42.77778,1,0,regular,3
04208000,15587072,OHRFC,-81.6295547485352,41.3967781066895,1,0,regular,3
04199500,15605376,OHRFC,-82.3147354125977,41.37890625,1,0,regular,3
04214500,15576299,NERFC,-78.7555389404297,42.8547897338867,1,0,regular,3
04213000,9841738,OHRFC,-80.6056518554688,41.9267616271973,1,0,regular,3
04209000,28123621,OHRFC,-81.4026031494141,41.6383476257324,1,0,regular,3
04215500,15576309,NERFC,-78.7753524780273,42.8294296264648,1,0,regular,3
04231000,15537789,NERFC,-77.8835754394531,43.1023368835449,1,0,regular,3
04218000,15567933,NERFC,-78.6481018066406,43.0865097045898,1,0,regular,3
04229500,15540125,NERFC,-77.5880966186523,42.9435920715332,1,0,snowy,0
04199155,15604094,OHRFC,-82.5094604492188,41.3561515808105,1,0,regular,3
02HL005,41025161,Canada,-77.61833,44.49972,1,0,regular,3
04230500,15537859,NERFC,-77.8141174316406,43.0048446655273,1,0,regular,3
02HM010,41025081,Canada,-76.99306,44.48611,1,0,snowy,0
02HC025,41027742,Canada,-79.62778,43.81139,1,0,regular,3
04268800,15456660,NERFC,-74.7359237670898,44.5947914123535,1,0,regular,3
0423205010,21633937,NERFC,-77.5104827880859,43.1461982727051,1,0,regular,3
02HB029,41028032,Canada,-79.70811,43.58236,1,0,regular,3
02HD012,41027182,Canada,-78.32833,43.99083,1,0,regular,3
02HA006,41028412,Canada,-79.38333,43.13361,1,0,regular,3
04265432,15476223,NERFC,-75.0764617919922,44.8493537902832,0,0,regular,3
